biz_date,category,region,store_code,forecast_qty,actual_qty,forecast_accuracy,oos_rate,inventory_turnover_days
2023-01-05,家具,华东,EC001,0,0,84.01,3.93,132
2023-01-05,游戏机,华北,NC001,0,0,76.46,3.91,43
2023-01-08,化妆品,华南,SC001,0,0,71.71,3.36,124
2023-01-09,家具,华中,CC001,0,0,56.15,4.69,151
2023-01-13,游戏机,西南,SW001,0,0,77.98,1.16,124
2023-01-13,化妆品,华东,EC002,0,0,80.66,5.37,51
2023-01-14,家具,华北,NC002,0,0,62.11,1.18,145
2023-01-14,游戏机,华南,SC002,0,0,79.73,2.24,39
2023-01-14,化妆品,华中,CC002,0,0,75.02,4.39,47
2023-01-15,家具,西南,SW002,0,0,80.19,1.18,123
2023-01-18,游戏机,华东,EC003,0,0,60.72,1.73,91
2023-01-19,化妆品,华北,NC003,0,0,82.07,0.92,120
2023-01-19,家具,华南,SC003,0,0,66.88,2.75,126
2023-01-21,游戏机,华中,CC003,0,0,65.73,8.76,166
2023-01-22,化妆品,西南,SW003,0,0,98.69,0.63,52
2023-01-23,家具,华东,EC004,0,0,91.26,1.39,53
2023-01-25,游戏机,华北,NC004,0,0,84.88,3.40,107
2023-01-26,化妆品,华南,SC004,0,0,66.81,5.57,108
2023-01-26,家具,华中,CC004,0,0,96.06,1.23,40
2023-01-26,游戏机,西南,SW004,0,0,80.22,1.77,76
2023-01-28,化妆品,华东,EC005,0,0,95.78,4.18,28
2023-01-29,家具,华北,NC005,0,0,80.31,2.07,58
2023-02-02,游戏机,华南,SC005,0,0,83.67,4.80,133
2023-02-02,化妆品,华中,CC005,0,0,71.75,1.89,81
2023-02-02,家具,西南,SW005,0,0,86.80,2.30,36
2023-02-02,游戏机,华东,EC006,0,0,86.43,1.39,34
2023-02-03,化妆品,华北,NC006,0,0,83.29,3.82,84
2023-02-03,家具,华南,SC006,0,0,78.44,3.63,60
2023-02-05,游戏机,华中,CC006,0,0,84.57,2.49,62
2023-02-05,化妆品,西南,SW006,0,0,94.81,2.26,97
2023-02-08,家具,华东,EC007,0,0,64.23,2.13,99
2023-02-08,游戏机,华北,NC007,0,0,87.12,1.01,46
2023-02-08,化妆品,华南,SC007,0,0,80.86,0.43,57
2023-02-08,家具,华中,CC007,0,0,94.09,4.72,108
2023-02-08,游戏机,西南,SW007,0,0,71.83,4.78,82
2023-02-10,化妆品,华东,EC008,0,0,82.08,2.85,68
2023-02-13,家具,华北,NC008,0,0,87.52,0.86,57
2023-02-14,游戏机,华南,SC008,0,0,85.04,0.37,108
2023-02-16,化妆品,华中,CC008,0,0,77.52,1.01,72
2023-02-17,家具,西南,SW008,0,0,63.62,1.03,92
2023-02-19,游戏机,华东,EC009,0,0,77.57,0.69,132
2023-02-20,化妆品,华北,NC009,0,0,78.32,3.21,51
2023-02-22,家具,华南,SC009,0,0,95.93,2.18,105
2023-02-23,游戏机,华中,CC009,0,0,88.84,1.18,119
2023-02-23,化妆品,西南,SW009,0,0,75.29,7.12,83
2023-02-23,家具,华东,EC010,0,0,96.07,2.50,49
2023-02-25,游戏机,华北,NC010,0,0,86.80,0.94,48
2023-02-27,化妆品,华南,SC010,0,0,73.78,4.84,85
2023-02-27,家具,华中,CC010,0,0,76.48,2.77,80
2023-02-27,游戏机,西南,SW010,0,0,92.69,1.69,31
2023-03-01,化妆品,华东,EC011,0,0,75.71,0.74,113
2023-03-03,家具,华北,NC011,0,0,92.18,3.86,76
2023-03-05,游戏机,华南,SC011,0,0,88.90,2.29,34
2023-03-06,化妆品,华中,CC011,0,0,78.77,2.50,85
2023-03-07,家具,西南,SW011,0,0,85.94,2.59,60
2023-03-08,游戏机,华东,EC012,0,0,98.87,2.75,21
2023-03-11,化妆品,华北,NC012,0,0,79.88,2.10,85
2023-03-12,家具,华南,SC012,0,0,80.02,3.91,141
2023-03-13,游戏机,华中,CC012,0,0,63.64,5.10,100
2023-03-13,化妆品,西南,SW012,0,0,80.16,3.33,141
2023-03-14,家具,华东,EC001,0,0,68.42,2.14,137
2023-03-16,游戏机,华北,NC001,0,0,56.28,1.73,123
2023-03-16,化妆品,华南,SC001,0,0,87.88,1.22,27
2023-03-17,家具,华中,CC001,0,0,96.19,3.99,60
2023-03-17,游戏机,西南,SW001,0,0,95.00,3.75,59
2023-03-17,化妆品,华东,EC002,0,0,86.94,2.50,43
2023-03-18,家具,华北,NC002,0,0,57.88,0.49,128
2023-03-18,游戏机,华南,SC002,0,0,79.22,4.12,124
2023-03-20,化妆品,华中,CC002,0,0,87.79,4.61,128
2023-03-21,家具,西南,SW002,0,0,80.65,4.45,85
2023-03-21,游戏机,华东,EC003,0,0,76.17,0.20,134
2023-03-23,化妆品,华北,NC003,0,0,81.03,4.09,122
2023-03-27,家具,华南,SC003,0,0,78.94,4.73,87
2023-03-27,游戏机,华中,CC003,0,0,96.24,1.18,64
2023-03-27,化妆品,西南,SW003,0,0,78.80,2.43,126
2023-03-28,家具,华东,EC004,0,0,63.98,4.64,87
2023-03-31,游戏机,华北,NC004,0,0,61.45,1.69,101
2023-03-31,化妆品,华南,SC004,0,0,85.44,2.46,40
2023-03-31,家具,华中,CC004,0,0,86.19,2.34,37
2023-04-01,游戏机,西南,SW004,0,0,67.58,0.23,132
2023-04-02,化妆品,华东,EC005,0,0,90.31,2.76,41
2023-04-04,家具,华北,NC005,0,0,81.19,2.62,75
2023-04-04,游戏机,华南,SC005,0,0,58.08,2.60,90
2023-04-04,化妆品,华中,CC005,0,0,60.22,0.43,85
2023-04-09,家具,西南,SW005,0,0,91.31,2.08,64
2023-04-11,游戏机,华东,EC006,0,0,83.32,1.92,129
2023-04-11,化妆品,华北,NC006,0,0,83.19,1.69,61
2023-04-15,家具,华南,SC006,0,0,83.29,3.57,86
2023-04-15,游戏机,华中,CC006,0,0,78.06,0.37,106
2023-04-16,化妆品,西南,SW006,0,0,84.38,0.63,119
2023-04-16,家具,华东,EC007,0,0,90.16,3.35,49
2023-04-16,游戏机,华北,NC007,0,0,87.04,5.49,60
2023-04-17,化妆品,华南,SC007,0,0,94.03,0.44,21
2023-04-21,家具,华中,CC007,0,0,81.46,0.72,66
2023-04-22,游戏机,西南,SW007,0,0,86.60,8.95,62
2023-04-23,化妆品,华东,EC008,0,0,98.42,1.59,64
2023-04-26,家具,华北,NC008,0,0,89.11,4.55,37
2023-04-27,游戏机,华南,SC008,0,0,68.09,0.63,75
2023-04-30,化妆品,华中,CC008,0,0,84.78,4.78,92
2023-05-03,家具,西南,SW008,0,0,76.54,2.85,90
2023-05-03,游戏机,华东,EC009,0,0,95.67,2.76,60
2023-05-04,化妆品,华北,NC009,0,0,94.89,1.25,43
2023-05-04,家具,华南,SC009,0,0,91.19,4.47,34
2023-05-08,游戏机,华中,CC009,0,0,74.25,0.28,59
2023-05-10,化妆品,西南,SW009,0,0,84.67,3.64,133
2023-05-10,家具,华东,EC010,0,0,54.22,1.58,64
2023-05-11,游戏机,华北,NC010,0,0,93.45,2.41,78
2023-05-12,化妆品,华南,SC010,0,0,85.48,4.23,119
2023-05-13,家具,华中,CC010,0,0,84.09,4.84,75
2023-05-15,游戏机,西南,SW010,0,0,79.57,5.44,48
2023-05-19,化妆品,华东,EC011,0,0,53.63,2.73,105
2023-05-19,家具,华北,NC011,0,0,75.40,4.00,89
2023-05-19,游戏机,华南,SC011,0,0,84.30,2.81,107
2023-05-20,化妆品,华中,CC011,0,0,78.53,0.89,64
2023-05-21,家具,西南,SW011,0,0,71.90,4.26,119
2023-05-22,游戏机,华东,EC012,0,0,90.81,3.85,113
2023-05-23,化妆品,华北,NC012,0,0,92.23,2.82,49
2023-05-23,家具,华南,SC012,0,0,60.45,1.61,127
2023-05-26,游戏机,华中,CC012,0,0,78.38,5.20,70
2023-05-26,化妆品,西南,SW012,0,0,79.00,6.54,73
2023-05-29,家具,华东,EC001,0,0,98.45,4.09,125
2023-05-30,游戏机,华北,NC001,0,0,82.49,0.23,58
2023-05-30,化妆品,华南,SC001,0,0,91.56,2.41,27
2023-06-01,家具,华中,CC001,0,0,74.71,1.02,119
2023-06-04,游戏机,西南,SW001,0,0,66.52,0.40,83
2023-06-05,化妆品,华东,EC002,0,0,58.77,5.39,82
2023-06-06,家具,华北,NC002,0,0,78.75,0.23,32
2023-06-07,游戏机,华南,SC002,0,0,71.66,2.34,84
2023-06-09,化妆品,华中,CC002,0,0,80.02,0.32,124
2023-06-09,家具,西南,SW002,0,0,98.81,3.93,121
2023-06-09,游戏机,华东,EC003,0,0,80.73,2.81,58
2023-06-11,化妆品,华北,NC003,0,0,62.55,3.15,85
2023-06-13,家具,华南,SC003,0,0,53.40,3.11,137
2023-06-16,游戏机,华中,CC003,0,0,98.23,0.73,38
2023-06-16,化妆品,西南,SW003,0,0,66.14,1.57,120
2023-06-16,家具,华东,EC004,0,0,80.38,2.39,76
2023-06-19,游戏机,华北,NC004,0,0,79.30,0.42,69
2023-06-20,化妆品,华南,SC004,0,0,67.94,1.95,134
2023-06-22,家具,华中,CC004,0,0,75.39,1.18,138
2023-06-22,游戏机,西南,SW004,0,0,84.17,2.39,123
2023-06-23,化妆品,华东,EC005,0,0,76.78,2.03,80
2023-06-23,家具,华北,NC005,0,0,81.43,4.40,69
2023-06-26,游戏机,华南,SC005,0,0,82.04,2.41,113
2023-06-27,化妆品,华中,CC005,0,0,57.61,1.08,75
2023-06-28,家具,西南,SW005,0,0,85.66,4.21,59
2023-06-28,游戏机,华东,EC006,0,0,54.70,1.15,131
2023-07-01,化妆品,华北,NC006,0,0,82.29,0.38,60
2023-07-02,家具,华南,SC006,0,0,82.76,2.25,82
2023-07-03,游戏机,华中,CC006,0,0,66.95,0.42,116
2023-07-03,化妆品,西南,SW006,0,0,80.35,2.58,67
2023-07-04,家具,华东,EC007,0,0,68.65,0.53,117
2023-07-04,游戏机,华北,NC007,0,0,66.11,2.83,127
2023-07-06,化妆品,华南,SC007,0,0,76.85,1.39,68
2023-07-09,家具,华中,CC007,0,0,88.41,3.31,112
2023-07-11,游戏机,西南,SW007,0,0,75.82,2.16,78
2023-07-11,化妆品,华东,EC008,0,0,76.80,3.40,54
2023-07-11,家具,华北,NC008,0,0,75.85,2.76,49
2023-07-13,游戏机,华南,SC008,0,0,76.56,3.27,86
2023-07-17,化妆品,华中,CC008,0,0,63.95,3.98,96
2023-07-18,家具,西南,SW008,0,0,81.03,6.51,74
2023-07-18,游戏机,华东,EC009,0,0,92.84,4.41,69
2023-07-23,化妆品,华北,NC009,0,0,85.97,3.29,71
2023-07-24,家具,华南,SC009,0,0,82.77,2.70,73
2023-07-25,游戏机,华中,CC009,0,0,76.01,2.00,85
2023-07-25,化妆品,西南,SW009,0,0,97.93,3.29,100
2023-07-25,家具,华东,EC010,0,0,89.25,1.21,96
2023-07-25,游戏机,华北,NC010,0,0,80.06,0.34,37
2023-07-27,化妆品,华南,SC010,0,0,87.70,0.46,48
2023-07-27,家具,华中,CC010,0,0,81.75,0.23,57
2023-07-27,游戏机,西南,SW010,0,0,65.29,2.48,121
2023-07-28,化妆品,华东,EC011,0,0,86.50,0.99,121
2023-07-28,家具,华北,NC011,0,0,85.88,3.71,43
2023-07-29,游戏机,华南,SC011,0,0,81.62,3.61,87
2023-07-30,化妆品,华中,CC011,0,0,83.25,3.51,77
2023-07-30,家具,西南,SW011,0,0,80.57,7.55,132
2023-08-05,游戏机,华东,EC012,0,0,52.67,3.42,133
2023-08-06,化妆品,华北,NC012,0,0,75.06,1.29,115
2023-08-08,家具,华南,SC012,0,0,77.72,0.91,69
2023-08-10,游戏机,华中,CC012,0,0,78.67,4.85,75
2023-08-10,化妆品,西南,SW012,0,0,90.48,1.22,60
2023-08-12,家具,华东,EC001,0,0,84.44,5.24,116
2023-08-16,游戏机,华北,NC001,0,0,74.08,1.07,139
2023-08-17,化妆品,华南,SC001,0,0,57.63,5.61,108
2023-08-17,家具,华中,CC001,0,0,93.40,2.31,117
2023-08-17,游戏机,西南,SW001,0,0,91.44,3.96,52
2023-08-19,化妆品,华东,EC002,0,0,86.56,0.52,107
2023-08-20,家具,华北,NC002,0,0,57.74,0.91,68
2023-08-20,游戏机,华南,SC002,0,0,78.24,0.86,45
2023-08-21,化妆品,华中,CC002,0,0,95.28,1.51,94
2023-08-21,家具,西南,SW002,0,0,90.30,2.48,36
2023-08-22,游戏机,华东,EC003,0,0,75.74,4.81,87
2023-08-22,化妆品,华北,NC003,0,0,89.02,0.80,56
2023-08-25,家具,华南,SC003,0,0,93.53,2.86,101
2023-08-26,游戏机,华中,CC003,0,0,72.47,1.23,83
2023-08-26,化妆品,西南,SW003,0,0,90.66,3.95,73
2023-08-28,家具,华东,EC004,0,0,78.14,3.71,72
2023-08-28,游戏机,华北,NC004,0,0,86.82,6.13,73
2023-08-28,化妆品,华南,SC004,0,0,81.46,0.72,103
2023-08-30,家具,华中,CC004,0,0,79.29,3.24,84
2023-08-30,游戏机,西南,SW004,0,0,70.38,2.38,75
2023-08-31,化妆品,华东,EC005,0,0,96.52,1.80,59
2023-09-01,家具,华北,NC005,0,0,96.12,1.11,56
2023-09-01,游戏机,华南,SC005,0,0,61.06,0.59,53
2023-09-02,化妆品,华中,CC005,0,0,80.75,1.44,61
2023-09-02,家具,西南,SW005,0,0,94.87,6.35,43
2023-09-04,游戏机,华东,EC006,0,0,83.49,1.06,36
2023-09-05,化妆品,华北,NC006,0,0,59.98,0.23,140
2023-09-05,家具,华南,SC006,0,0,89.80,2.11,27
2023-09-06,游戏机,华中,CC006,0,0,84.62,1.08,54
2023-09-07,化妆品,西南,SW006,0,0,84.28,2.44,111
2023-09-07,家具,华东,EC007,0,0,79.95,0.95,66
2023-09-09,游戏机,华北,NC007,0,0,81.78,2.02,112
2023-09-10,化妆品,华南,SC007,0,0,80.89,4.05,115
2023-09-10,家具,华中,CC007,0,0,97.43,1.74,23
2023-09-11,游戏机,西南,SW007,0,0,73.64,9.85,116
2023-09-11,化妆品,华东,EC008,0,0,76.92,2.23,74
2023-09-13,家具,华北,NC008,0,0,84.98,1.61,69
2023-09-16,游戏机,华南,SC008,0,0,93.19,1.07,111
2023-09-18,化妆品,华中,CC008,0,0,82.80,8.17,72
2023-09-19,家具,西南,SW008,0,0,83.98,0.95,69
2023-09-19,游戏机,华东,EC009,0,0,62.16,4.11,98
2023-09-19,化妆品,华北,NC009,0,0,71.35,2.68,80
2023-09-20,家具,华南,SC009,0,0,76.00,1.86,71
2023-09-22,游戏机,华中,CC009,0,0,80.88,2.19,82
2023-09-22,化妆品,西南,SW009,0,0,77.30,3.08,109
2023-09-22,家具,华东,EC010,0,0,83.67,2.72,106
2023-09-23,游戏机,华北,NC010,0,0,79.29,0.74,126
2023-09-24,化妆品,华南,SC010,0,0,87.48,2.33,127
2023-09-24,家具,华中,CC010,0,0,82.92,0.67,125
2023-09-25,游戏机,西南,SW010,0,0,84.18,2.10,52
2023-09-25,化妆品,华东,EC011,0,0,54.60,3.02,139
2023-09-26,家具,华北,NC011,0,0,83.31,0.92,56
2023-09-28,游戏机,华南,SC011,0,0,92.42,3.42,80
2023-09-28,化妆品,华中,CC011,0,0,65.07,8.08,134
2023-10-01,家具,西南,SW011,0,0,58.78,2.81,125
2023-10-01,游戏机,华东,EC012,0,0,94.94,1.05,29
2023-10-04,化妆品,华北,NC012,0,0,74.43,2.76,112
2023-10-05,家具,华南,SC012,0,0,52.67,1.43,157
2023-10-06,游戏机,华中,CC012,0,0,91.54,4.76,103
2023-10-07,化妆品,西南,SW012,0,0,79.64,2.77,58
2023-10-07,家具,华东,EC001,0,0,81.84,2.66,114
2023-10-08,游戏机,华北,NC001,0,0,93.91,0.55,61
2023-10-09,化妆品,华南,SC001,0,0,77.91,1.96,110
2023-10-09,家具,华中,CC001,0,0,92.05,2.31,59
2023-10-09,游戏机,西南,SW001,0,0,85.46,5.89,50
2023-10-10,化妆品,华东,EC002,0,0,72.98,2.89,85
2023-10-11,家具,华北,NC002,0,0,94.82,6.39,43
2023-10-13,游戏机,华南,SC002,0,0,96.86,3.11,45
2023-10-14,化妆品,华中,CC002,0,0,78.84,1.98,78
2023-10-14,家具,西南,SW002,0,0,82.37,0.46,67
2023-10-14,游戏机,华东,EC003,0,0,84.48,0.24,56
2023-10-15,化妆品,华北,NC003,0,0,63.23,10.51,114
2023-10-15,家具,华南,SC003,0,0,91.57,4.05,101
2023-10-16,游戏机,华中,CC003,0,0,98.68,0.99,54
2023-10-18,化妆品,西南,SW003,0,0,52.55,2.70,107
2023-10-19,家具,华东,EC004,0,0,57.93,1.81,124
2023-10-20,游戏机,华北,NC004,0,0,79.38,1.23,130
2023-10-20,化妆品,华南,SC004,0,0,95.58,0.79,51
2023-10-21,家具,华中,CC004,0,0,81.95,3.14,117
2023-10-21,游戏机,西南,SW004,0,0,79.13,1.54,76
2023-10-21,化妆品,华东,EC005,0,0,88.61,0.98,31
2023-10-22,家具,华北,NC005,0,0,93.73,3.99,54
2023-10-22,游戏机,华南,SC005,0,0,99.04,8.02,38
2023-10-23,化妆品,华中,CC005,0,0,84.13,2.56,54
2023-10-23,家具,西南,SW005,0,0,64.93,1.09,114
2023-10-23,游戏机,华东,EC006,0,0,73.35,4.29,83
2023-10-28,化妆品,华北,NC006,0,0,92.54,3.60,66
2023-10-30,家具,华南,SC006,0,0,88.63,3.34,41
2023-10-31,游戏机,华中,CC006,0,0,74.20,0.85,131
2023-10-31,化妆品,西南,SW006,0,0,98.58,2.83,53
2023-10-31,家具,华东,EC007,0,0,87.90,7.17,115
2023-11-01,游戏机,华北,NC007,0,0,93.94,8.54,65
2023-11-01,化妆品,华南,SC007,0,0,90.70,1.86,26
2023-11-04,家具,华中,CC007,0,0,72.68,4.37,146
2023-11-04,游戏机,西南,SW007,0,0,94.42,3.74,56
2023-11-05,化妆品,华东,EC008,0,0,63.10,5.57,82
2023-11-05,家具,华北,NC008,0,0,80.07,1.23,114
2023-11-09,游戏机,华南,SC008,0,0,83.07,0.80,128
2023-11-11,化妆品,华中,CC008,0,0,90.94,2.17,78
2023-11-11,家具,西南,SW008,0,0,82.98,1.25,56
2023-11-11,游戏机,华东,EC009,0,0,78.71,1.27,71
2023-11-11,化妆品,华北,NC009,0,0,85.58,0.75,35
2023-11-12,家具,华南,SC009,0,0,67.60,3.57,70
2023-11-12,游戏机,华中,CC009,0,0,78.77,2.69,79
2023-11-14,化妆品,西南,SW009,0,0,89.58,3.74,82
2023-11-14,家具,华东,EC010,0,0,81.47,6.91,119
2023-11-17,游戏机,华北,NC010,0,0,82.93,0.33,116
2023-11-18,化妆品,华南,SC010,0,0,86.07,0.29,28
2023-11-19,家具,华中,CC010,0,0,86.16,0.94,126
2023-11-20,游戏机,西南,SW010,0,0,87.01,3.37,75
2023-11-20,化妆品,华东,EC011,0,0,62.18,8.38,163
2023-11-20,家具,华北,NC011,0,0,83.80,0.97,98
2023-11-20,游戏机,华南,SC011,0,0,84.91,2.56,114
2023-11-23,化妆品,华中,CC011,0,0,78.37,1.67,78
2023-11-24,家具,西南,SW011,0,0,68.58,1.55,66
2023-11-25,游戏机,华东,EC012,0,0,84.09,2.05,83
2023-11-26,化妆品,华北,NC012,0,0,76.46,1.17,60
2023-11-29,家具,华南,SC012,0,0,77.57,2.24,69
2023-11-30,游戏机,华中,CC012,0,0,92.15,5.79,77
2023-11-30,化妆品,西南,SW012,0,0,56.93,1.31,140
2023-11-30,家具,华东,EC001,0,0,91.88,0.29,21
2023-12-03,游戏机,华北,NC001,0,0,77.13,0.79,115
2023-12-03,化妆品,华南,SC001,0,0,90.95,2.66,35
2023-12-04,家具,华中,CC001,0,0,90.54,4.39,113
2023-12-07,游戏机,西南,SW001,0,0,78.48,1.02,126
2023-12-12,化妆品,华东,EC002,0,0,55.54,2.43,145
2023-12-14,家具,华北,NC002,0,0,92.32,5.94,70
2023-12-14,游戏机,华南,SC002,0,0,88.40,1.28,64
2023-12-20,化妆品,华中,CC002,0,0,87.66,0.86,48
2023-12-21,家具,西南,SW002,0,0,89.10,4.81,131
2023-12-22,游戏机,华东,EC003,0,0,78.16,3.60,89
2023-12-23,化妆品,华北,NC003,0,0,77.46,5.08,74
2023-12-24,家具,华南,SC003,0,0,80.96,3.66,128
2023-12-25,游戏机,华中,CC003,0,0,75.11,3.97,83
2023-12-26,化妆品,西南,SW003,0,0,85.80,2.68,104
2023-12-26,家具,华东,EC004,0,0,83.41,2.18,70
2023-12-29,游戏机,华北,NC004,0,0,75.05,2.32,69
2023-12-30,化妆品,华南,SC004,0,0,58.70,3.62,129
2023-12-30,家具,华中,CC004,0,0,78.60,4.56,123
2023-12-31,游戏机,西南,SW004,0,0,81.36,2.75,135
2023-12-31,化妆品,华东,EC005,0,0,98.91,0.59,95
2024-01-03,家具,华北,NC005,0,0,92.00,1.63,45
2024-01-04,游戏机,华南,SC005,0,0,83.00,3.26,78
2024-01-04,化妆品,华中,CC005,0,0,93.18,4.06,131
2024-01-05,家具,西南,SW005,0,0,98.63,1.06,60
2024-01-06,游戏机,华东,EC006,0,0,74.08,1.60,88
2024-01-06,化妆品,华北,NC006,0,0,59.88,4.59,158
2024-01-08,家具,华南,SC006,0,0,77.64,0.39,126
2024-01-10,游戏机,华中,CC006,0,0,70.36,2.14,125
2024-01-10,化妆品,西南,SW006,0,0,97.81,0.99,22
2024-01-11,家具,华东,EC007,0,0,59.59,1.48,83
2024-01-14,游戏机,华北,NC007,0,0,57.82,6.73,111
2024-01-14,化妆品,华南,SC007,0,0,82.03,4.01,62
2024-01-15,家具,华中,CC007,0,0,78.64,4.07,86
2024-01-15,游戏机,西南,SW007,0,0,76.07,1.30,115
2024-01-21,化妆品,华东,EC008,0,0,93.09,1.69,93
2024-01-24,家具,华北,NC008,0,0,88.53,2.21,38
2024-01-25,游戏机,华南,SC008,0,0,91.19,1.99,49
2024-01-26,化妆品,华中,CC008,0,0,79.63,9.46,102
2024-01-26,家具,西南,SW008,0,0,84.25,2.25,38
2024-01-28,游戏机,华东,EC009,0,0,95.71,8.41,67
2024-01-28,化妆品,华北,NC009,0,0,78.79,1.68,104
2024-01-29,家具,华南,SC009,0,0,83.27,5.99,77
2024-01-29,游戏机,华中,CC009,0,0,55.56,2.19,61
2024-01-30,化妆品,西南,SW009,0,0,84.47,1.90,53
2024-01-30,家具,华东,EC010,0,0,81.57,2.88,71
2024-02-01,游戏机,华北,NC010,0,0,92.23,0.86,121
2024-02-01,化妆品,华南,SC010,0,0,86.34,4.30,70
2024-02-03,家具,华中,CC010,0,0,82.65,0.79,61
2024-02-04,游戏机,西南,SW010,0,0,63.62,3.93,124
2024-02-04,化妆品,华东,EC011,0,0,61.05,3.87,87
2024-02-06,家具,华北,NC011,0,0,97.10,1.32,31
2024-02-06,游戏机,华南,SC011,0,0,82.38,2.89,46
2024-02-08,化妆品,华中,CC011,0,0,94.52,1.78,96
2024-02-09,家具,西南,SW011,0,0,93.60,2.53,31
2024-02-12,游戏机,华东,EC012,0,0,91.59,1.52,49
2024-02-12,化妆品,华北,NC012,0,0,75.94,3.59,116
2024-02-12,家具,华南,SC012,0,0,88.48,4.09,43
2024-02-13,游戏机,华中,CC012,0,0,88.55,2.48,130
2024-02-15,化妆品,西南,SW012,0,0,92.56,0.51,32
2024-02-17,家具,华东,EC001,0,0,82.89,1.10,64
2024-02-18,游戏机,华北,NC001,0,0,89.60,0.51,98
2024-02-18,化妆品,华南,SC001,0,0,88.39,2.42,38
2024-02-20,家具,华中,CC001,0,0,98.16,4.69,33
2024-02-21,游戏机,西南,SW001,0,0,85.65,1.78,58
2024-02-21,化妆品,华东,EC002,0,0,98.99,0.31,25
2024-02-22,家具,华北,NC002,0,0,78.12,1.20,60
2024-02-22,游戏机,华南,SC002,0,0,81.11,1.71,116
2024-02-23,化妆品,华中,CC002,0,0,93.42,2.16,28
2024-02-24,家具,西南,SW002,0,0,57.49,4.66,69
2024-02-25,游戏机,华东,EC003,0,0,56.25,3.53,155
2024-02-28,化妆品,华北,NC003,0,0,84.76,1.52,38
2024-02-28,家具,华南,SC003,0,0,88.55,0.41,35
2024-02-29,游戏机,华中,CC003,0,0,59.29,1.67,92
2024-03-02,化妆品,西南,SW003,0,0,86.60,2.69,51
2024-03-05,家具,华东,EC004,0,0,71.11,1.02,111
2024-03-05,游戏机,华北,NC004,0,0,96.64,3.41,56
2024-03-08,化妆品,华南,SC004,0,0,82.59,1.04,106
2024-03-09,家具,华中,CC004,0,0,67.86,1.38,139
2024-03-09,游戏机,西南,SW004,0,0,77.19,1.05,112
2024-03-09,化妆品,华东,EC005,0,0,91.01,3.28,37
2024-03-10,家具,华北,NC005,0,0,84.70,1.72,60
2024-03-11,游戏机,华南,SC005,0,0,58.47,0.53,138
2024-03-12,化妆品,华中,CC005,0,0,78.60,4.86,73
2024-03-14,家具,西南,SW005,0,0,89.22,7.87,72
2024-03-17,游戏机,华东,EC006,0,0,76.89,5.94,74
2024-03-19,化妆品,华北,NC006,0,0,79.71,2.35,116
2024-03-20,家具,华南,SC006,0,0,82.07,4.23,140
2024-03-21,游戏机,华中,CC006,0,0,89.61,4.09,75
2024-03-23,化妆品,西南,SW006,0,0,84.12,2.16,132
2024-03-23,家具,华东,EC007,0,0,96.79,0.91,99
2024-03-23,游戏机,华北,NC007,0,0,80.95,2.68,36
2024-03-25,化妆品,华南,SC007,0,0,81.93,4.81,85
2024-03-28,家具,华中,CC007,0,0,62.99,1.47,53
2024-03-30,游戏机,西南,SW007,0,0,75.22,1.74,45
2024-04-03,化妆品,华东,EC008,0,0,77.92,2.36,85
2024-04-05,家具,华北,NC008,0,0,76.17,2.13,83
2024-04-05,游戏机,华南,SC008,0,0,73.22,2.40,83
2024-04-06,化妆品,华中,CC008,0,0,88.80,1.42,52
2024-04-10,家具,西南,SW008,0,0,90.50,1.01,118
2024-04-11,游戏机,华东,EC009,0,0,95.56,1.94,24
2024-04-13,化妆品,华北,NC009,0,0,75.87,0.41,55
2024-04-18,家具,华南,SC009,0,0,52.21,4.78,117
2024-04-19,游戏机,华中,CC009,0,0,83.95,1.92,126
2024-04-20,化妆品,西南,SW009,0,0,97.91,2.12,123
2024-04-21,家具,华东,EC010,0,0,94.33,7.30,52
2024-04-22,游戏机,华北,NC010,0,0,89.13,7.98,46
2024-04-24,化妆品,华南,SC010,0,0,63.91,0.42,95
2024-04-26,家具,华中,CC010,0,0,83.00,1.59,79
2024-04-27,游戏机,西南,SW010,0,0,92.53,7.03,45
2024-04-28,化妆品,华东,EC011,0,0,87.13,1.38,105
2024-04-28,家具,华北,NC011,0,0,86.52,1.79,105
2024-04-29,游戏机,华南,SC011,0,0,79.10,1.50,68
2024-05-03,化妆品,华中,CC011,0,0,82.92,3.85,121
2024-05-10,家具,西南,SW011,0,0,82.70,0.22,57
2024-05-11,游戏机,华东,EC012,0,0,84.71,2.35,103
2024-05-11,化妆品,华北,NC012,0,0,83.55,0.24,58
2024-05-12,家具,华南,SC012,0,0,75.14,1.85,79
2024-05-13,游戏机,华中,CC012,0,0,78.69,3.63,69
2024-05-15,化妆品,西南,SW012,0,0,54.67,4.43,103
2024-05-15,家具,华东,EC001,0,0,89.43,0.66,29
2024-05-17,游戏机,华北,NC001,0,0,80.29,1.31,38
2024-05-18,化妆品,华南,SC001,0,0,84.83,0.33,119
2024-05-20,家具,华中,CC001,0,0,80.69,3.55,140
2024-05-21,游戏机,西南,SW001,0,0,96.04,0.97,51
2024-05-21,化妆品,华东,EC002,0,0,56.56,0.69,92
2024-05-21,家具,华北,NC002,0,0,81.21,0.79,39
2024-05-23,游戏机,华南,SC002,0,0,79.16,2.66,80
2024-05-23,化妆品,华中,CC002,0,0,81.47,2.07,62
2024-05-24,家具,西南,SW002,0,0,94.74,1.92,55
2024-05-24,游戏机,华东,EC003,0,0,94.60,7.02,113
2024-05-24,化妆品,华北,NC003,0,0,85.02,8.54,53
2024-05-26,家具,华南,SC003,0,0,87.64,1.46,80
2024-05-26,游戏机,华中,CC003,0,0,89.41,0.26,32
2024-05-30,化妆品,西南,SW003,0,0,53.84,6.89,100
2024-06-03,家具,华东,EC004,0,0,79.23,0.75,58
2024-06-05,游戏机,华北,NC004,0,0,85.42,2.64,71
2024-06-12,化妆品,华南,SC004,0,0,82.88,1.22,76
2024-06-12,家具,华中,CC004,0,0,82.09,1.22,133
2024-06-12,游戏机,西南,SW004,0,0,90.76,4.56,46
2024-06-13,化妆品,华东,EC005,0,0,78.04,3.49,47
2024-06-16,家具,华北,NC005,0,0,85.00,0.22,37
2024-06-18,游戏机,华南,SC005,0,0,76.75,0.51,55
2024-06-20,化妆品,华中,CC005,0,0,92.02,0.26,20
2024-06-23,家具,西南,SW005,0,0,90.66,6.91,45
2024-06-24,游戏机,华东,EC006,0,0,83.92,2.50,131
2024-06-24,化妆品,华北,NC006,0,0,82.91,0.52,51
2024-06-25,家具,华南,SC006,0,0,84.56,6.19,136
2024-06-25,游戏机,华中,CC006,0,0,82.94,5.13,61
2024-06-26,化妆品,西南,SW006,0,0,78.97,3.72,64
2024-06-27,家具,华东,EC007,0,0,91.17,5.78,88
2024-07-03,游戏机,华北,NC007,0,0,96.57,2.46,61
2024-07-04,化妆品,华南,SC007,0,0,95.68,3.79,127
2024-07-05,家具,华中,CC007,0,0,95.74,1.78,119
2024-07-05,游戏机,西南,SW007,0,0,82.26,1.33,41
2024-07-06,化妆品,华东,EC008,0,0,64.47,2.72,85
2024-07-07,家具,华北,NC008,0,0,64.37,1.07,137
2024-07-08,游戏机,华南,SC008,0,0,86.71,7.76,68
2024-07-09,化妆品,华中,CC008,0,0,67.74,5.19,96
2024-07-09,家具,西南,SW008,0,0,85.68,4.29,137
2024-07-10,游戏机,华东,EC009,0,0,80.31,0.98,59
2024-07-13,化妆品,华北,NC009,0,0,77.26,2.77,49
2024-07-14,家具,华南,SC009,0,0,76.07,1.81,39
2024-07-16,游戏机,华中,CC009,0,0,91.43,0.25,100
2024-07-17,化妆品,西南,SW009,0,0,71.58,4.57,124
2024-07-18,家具,华东,EC010,0,0,83.78,6.43,89
2024-07-20,游戏机,华北,NC010,0,0,80.85,2.78,84
2024-07-21,化妆品,华南,SC010,0,0,97.30,4.28,63
2024-07-23,家具,华中,CC010,0,0,55.67,7.09,110
2024-07-23,游戏机,西南,SW010,0,0,89.36,4.42,107
2024-07-25,化妆品,华东,EC011,0,0,85.26,3.32,43
2024-07-29,家具,华北,NC011,0,0,96.26,6.95,118
2024-07-31,游戏机,华南,SC011,0,0,91.09,4.64,116
2024-08-01,化妆品,华中,CC011,0,0,63.44,7.21,108
2024-08-02,家具,西南,SW011,0,0,53.64,1.99,98
2024-08-03,游戏机,华东,EC012,0,0,79.80,5.02,125
2024-08-03,化妆品,华北,NC012,0,0,95.50,1.50,24
2024-08-04,家具,华南,SC012,0,0,76.31,2.67,121
2024-08-04,游戏机,华中,CC012,0,0,82.91,1.61,106
2024-08-06,化妆品,西南,SW012,0,0,58.27,2.67,104
2024-08-06,家具,华东,EC001,0,0,97.03,2.22,55
2024-08-06,游戏机,华北,NC001,0,0,67.04,4.75,95
2024-08-07,化妆品,华南,SC001,0,0,63.29,3.85,84
2024-08-10,家具,华中,CC001,0,0,77.71,4.35,63
2024-08-10,游戏机,西南,SW001,0,0,93.24,3.97,40
2024-08-11,化妆品,华东,EC002,0,0,78.16,1.54,114
2024-08-12,家具,华北,NC002,0,0,83.03,1.70,73
2024-08-12,游戏机,华南,SC002,0,0,63.14,0.24,117
2024-08-15,化妆品,华中,CC002,0,0,52.01,2.04,100
2024-08-17,家具,西南,SW002,0,0,91.58,0.78,30
2024-08-20,游戏机,华东,EC003,0,0,68.05,2.26,76
2024-08-22,化妆品,华北,NC003,0,0,84.51,3.78,56
2024-08-25,家具,华南,SC003,0,0,79.95,0.73,112
2024-08-26,游戏机,华中,CC003,0,0,85.03,4.08,38
2024-08-27,化妆品,西南,SW003,0,0,88.27,4.30,37
2024-08-28,家具,华东,EC004,0,0,61.30,4.30,84
2024-08-29,游戏机,华北,NC004,0,0,86.42,2.03,54
2024-09-03,化妆品,华南,SC004,0,0,76.99,4.01,72
2024-09-06,家具,华中,CC004,0,0,78.13,2.26,108
2024-09-06,游戏机,西南,SW004,0,0,83.59,0.98,100
2024-09-07,化妆品,华东,EC005,0,0,65.25,2.59,93
2024-09-08,家具,华北,NC005,0,0,85.90,3.69,67
2024-09-08,游戏机,华南,SC005,0,0,81.62,3.97,117
2024-09-10,化妆品,华中,CC005,0,0,80.59,1.01,129
2024-09-10,家具,西南,SW005,0,0,96.46,1.39,95
2024-09-10,游戏机,华东,EC006,0,0,76.40,0.83,70
2024-09-11,化妆品,华北,NC006,0,0,54.91,3.33,110
2024-09-11,家具,华南,SC006,0,0,70.56,2.57,136
2024-09-11,游戏机,华中,CC006,0,0,87.49,6.78,42
2024-09-14,化妆品,西南,SW006,0,0,96.21,0.98,119
2024-09-14,家具,华东,EC007,0,0,57.99,3.55,96
2024-09-15,游戏机,华北,NC007,0,0,54.73,0.85,104
2024-09-15,化妆品,华南,SC007,0,0,84.14,2.49,114
2024-09-15,家具,华中,CC007,0,0,75.40,4.84,81
2024-09-16,游戏机,西南,SW007,0,0,95.57,2.89,57
2024-09-19,化妆品,华东,EC008,0,0,79.26,4.73,121
2024-09-21,家具,华北,NC008,0,0,98.96,1.03,57
2024-09-24,游戏机,华南,SC008,0,0,78.68,2.45,138
2024-09-25,化妆品,华中,CC008,0,0,60.34,1.39,78
2024-09-27,家具,西南,SW008,0,0,82.66,3.49,71
2024-10-02,游戏机,华东,EC009,0,0,95.56,7.82,138
2024-10-03,化妆品,华北,NC009,0,0,78.93,2.66,118
2024-10-04,家具,华南,SC009,0,0,68.55,2.08,81
2024-10-05,游戏机,华中,CC009,0,0,80.19,3.17,81
2024-10-05,化妆品,西南,SW009,0,0,94.77,4.72,78
2024-10-10,家具,华东,EC010,0,0,91.51,7.50,88
2024-10-11,游戏机,华北,NC010,0,0,91.37,2.71,57
2024-10-11,化妆品,华南,SC010,0,0,91.61,4.22,63
2024-10-12,家具,华中,CC010,0,0,87.61,0.45,116
2024-10-12,游戏机,西南,SW010,0,0,82.65,2.21,44
2024-10-13,化妆品,华东,EC011,0,0,93.03,1.14,115
2024-10-13,家具,华北,NC011,0,0,78.35,0.83,70
2024-10-14,游戏机,华南,SC011,0,0,53.71,2.74,90
2024-10-14,化妆品,华中,CC011,0,0,93.75,1.52,29
2024-10-15,家具,西南,SW011,0,0,88.80,8.46,52
2024-10-16,游戏机,华东,EC012,0,0,87.14,1.30,123
2024-10-16,化妆品,华北,NC012,0,0,75.65,4.76,84
2024-10-16,家具,华南,SC012,0,0,53.54,3.99,103
2024-10-20,游戏机,华中,CC012,0,0,88.98,6.45,44
2024-10-21,化妆品,西南,SW012,0,0,83.73,1.56,80
2024-10-21,家具,华东,EC001,0,0,61.63,8.88,165
2024-10-22,游戏机,华北,NC001,0,0,81.24,0.78,124
2024-10-24,化妆品,华南,SC001,0,0,86.05,6.03,72
2024-10-25,家具,华中,CC001,0,0,63.99,3.78,97
2024-10-25,游戏机,西南,SW001,0,0,98.19,1.73,89
2024-10-29,化妆品,华东,EC002,0,0,78.26,0.80,38
2024-10-30,家具,华北,NC002,0,0,88.32,0.62,45
2024-10-31,游戏机,华南,SC002,0,0,76.53,4.09,134
2024-10-31,化妆品,华中,CC002,0,0,77.01,8.32,88
2024-11-01,家具,西南,SW002,0,0,90.89,3.43,62
2024-11-01,游戏机,华东,EC003,0,0,83.91,3.79,106
2024-11-04,化妆品,华北,NC003,0,0,94.14,0.26,29
2024-11-05,家具,华南,SC003,0,0,96.58,2.08,97
2024-11-05,游戏机,华中,CC003,0,0,77.07,2.10,113
2024-11-07,化妆品,西南,SW003,0,0,97.36,1.68,72
2024-11-09,家具,华东,EC004,0,0,90.92,4.17,82
2024-11-09,游戏机,华北,NC004,0,0,87.83,1.59,76
2024-11-09,化妆品,华南,SC004,0,0,74.39,7.77,153
2024-11-09,家具,华中,CC004,0,0,78.35,2.33,126
2024-11-09,游戏机,西南,SW004,0,0,89.18,1.77,54
2024-11-09,化妆品,华东,EC005,0,0,92.66,3.42,60
2024-11-10,家具,华北,NC005,0,0,91.55,0.38,69
2024-11-15,游戏机,华南,SC005,0,0,91.72,0.84,42
2024-11-17,化妆品,华中,CC005,0,0,94.11,0.72,40
2024-11-17,家具,西南,SW005,0,0,89.07,1.86,39
2024-11-18,游戏机,华东,EC006,0,0,87.01,2.71,71
2024-11-18,化妆品,华北,NC006,0,0,81.55,4.60,116
2024-11-19,家具,华南,SC006,0,0,79.32,0.68,103
2024-11-20,游戏机,华中,CC006,0,0,90.35,1.18,123
2024-11-20,化妆品,西南,SW006,0,0,96.38,2.42,49
2024-11-22,家具,华东,EC007,0,0,74.89,2.76,123
2024-11-23,游戏机,华北,NC007,0,0,72.54,2.60,133
2024-11-24,化妆品,华南,SC007,0,0,86.98,1.49,60
2024-11-26,家具,华中,CC007,0,0,87.39,2.30,33
2024-11-26,游戏机,西南,SW007,0,0,78.63,5.30,56
2024-12-02,化妆品,华东,EC008,0,0,72.53,4.48,124
2024-12-03,家具,华北,NC008,0,0,96.36,1.09,54
2024-12-04,游戏机,华南,SC008,0,0,61.71,2.40,91
2024-12-04,化妆品,华中,CC008,0,0,84.52,1.42,130
2024-12-04,家具,西南,SW008,0,0,81.03,0.82,35
2024-12-05,游戏机,华东,EC009,0,0,94.72,0.22,113
2024-12-06,化妆品,华北,NC009,0,0,82.69,6.77,138
2024-12-08,家具,华南,SC009,0,0,76.97,2.14,79
2024-12-09,游戏机,华中,CC009,0,0,94.12,3.61,110
2024-12-11,化妆品,西南,SW009,0,0,81.44,4.59,117
2024-12-12,家具,华东,EC010,0,0,98.68,1.30,38
2024-12-12,游戏机,华北,NC010,0,0,75.21,2.11,115
2024-12-15,化妆品,华南,SC010,0,0,82.64,1.16,64
2024-12-16,家具,华中,CC010,0,0,78.96,0.37,82
2024-12-21,游戏机,西南,SW010,0,0,83.53,4.52,71
2024-12-22,化妆品,华东,EC011,0,0,87.55,1.97,103
2024-12-22,家具,华北,NC011,0,0,82.80,0.24,29
2024-12-25,游戏机,华南,SC011,0,0,58.45,4.13,103
2024-12-25,化妆品,华中,CC011,0,0,81.51,1.97,108
2024-12-25,家具,西南,SW011,0,0,78.59,0.56,66
2024-12-27,游戏机,华东,EC012,0,0,97.50,0.72,39
2024-12-27,化妆品,华北,NC012,0,0,91.05,2.32,59
2024-12-31,家具,华南,SC012,0,0,63.50,7.81,85
2025-01-01,游戏机,华中,CC012,0,0,90.13,1.93,26
2025-01-03,化妆品,西南,SW012,0,0,95.91,0.72,88
2025-01-03,家具,华东,EC001,0,0,97.75,3.72,28
2025-01-04,游戏机,华北,NC001,0,0,86.81,1.46,52
2025-01-05,化妆品,华南,SC001,0,0,92.28,4.45,56
2025-01-06,家具,华中,CC001,0,0,79.70,4.51,112
2025-01-07,游戏机,西南,SW001,0,0,80.66,9.08,96
2025-01-07,化妆品,华东,EC002,0,0,97.32,2.15,73
2025-01-07,家具,华北,NC002,0,0,99.16,0.59,96
2025-01-07,游戏机,华南,SC002,0,0,71.42,1.50,111
2025-01-10,化妆品,华中,CC002,0,0,85.99,4.65,132
2025-01-10,家具,西南,SW002,0,0,98.99,1.70,113
2025-01-12,游戏机,华东,EC003,0,0,78.51,1.56,78
2025-01-13,化妆品,华北,NC003,0,0,78.84,2.30,88
2025-01-15,家具,华南,SC003,0,0,90.19,4.37,80
2025-01-15,游戏机,华中,CC003,0,0,88.57,4.76,57
2025-01-21,化妆品,西南,SW003,0,0,73.89,2.56,140
2025-01-22,家具,华东,EC004,0,0,66.82,2.49,142
2025-01-22,游戏机,华北,NC004,0,0,95.98,3.13,52
2025-01-23,化妆品,华南,SC004,0,0,98.73,3.46,51
2025-01-23,家具,华中,CC004,0,0,74.63,1.33,68
2025-01-23,游戏机,西南,SW004,0,0,84.53,0.71,31
2025-01-24,化妆品,华东,EC005,0,0,89.64,1.65,121
2025-01-25,家具,华北,NC005,0,0,63.60,1.62,92
2025-01-25,游戏机,华南,SC005,0,0,73.48,0.33,128
2025-01-25,化妆品,华中,CC005,0,0,84.63,0.27,29
2025-01-27,家具,西南,SW005,0,0,77.84,2.17,112
2025-01-29,游戏机,华东,EC006,0,0,82.24,2.15,81
2025-01-29,化妆品,华北,NC006,0,0,74.98,0.35,68
2025-01-30,家具,华南,SC006,0,0,62.84,0.46,94
2025-01-30,游戏机,华中,CC006,0,0,58.97,0.33,78
2025-01-31,化妆品,西南,SW006,0,0,77.10,3.23,48
2025-02-02,家具,华东,EC007,0,0,80.86,2.56,48
2025-02-03,游戏机,华北,NC007,0,0,90.52,1.65,67
2025-02-05,化妆品,华南,SC007,0,0,65.79,5.77,155
2025-02-05,家具,华中,CC007,0,0,84.76,2.51,55
2025-02-05,游戏机,西南,SW007,0,0,76.34,0.31,59
2025-02-05,化妆品,华东,EC008,0,0,79.15,2.87,108
2025-02-06,家具,华北,NC008,0,0,87.15,4.88,113
2025-02-06,游戏机,华南,SC008,0,0,59.28,4.78,93
2025-02-06,化妆品,华中,CC008,0,0,76.98,3.35,41
2025-02-07,家具,西南,SW008,0,0,56.56,4.62,139
2025-02-08,游戏机,华东,EC009,0,0,96.73,0.51,20
2025-02-09,化妆品,华北,NC009,0,0,76.57,0.43,102
2025-02-11,家具,华南,SC009,0,0,77.43,4.64,140
2025-02-12,游戏机,华中,CC009,0,0,80.72,1.54,133
2025-02-12,化妆品,西南,SW009,0,0,98.69,0.68,92
2025-02-14,家具,华东,EC010,0,0,75.53,1.84,136
2025-02-15,游戏机,华北,NC010,0,0,89.64,6.69,72
2025-02-15,化妆品,华南,SC010,0,0,94.37,7.54,59
2025-02-15,家具,华中,CC010,0,0,54.55,1.21,84
2025-02-15,游戏机,西南,SW010,0,0,89.92,4.17,45
2025-02-17,化妆品,华东,EC011,0,0,58.79,2.15,100
2025-02-17,家具,华北,NC011,0,0,77.42,1.33,39
2025-02-18,游戏机,华南,SC011,0,0,90.27,1.83,37
2025-02-19,化妆品,华中,CC011,0,0,79.16,0.85,124
2025-02-20,家具,西南,SW011,0,0,95.68,1.36,98
2025-02-20,游戏机,华东,EC012,0,0,69.45,1.23,114
2025-02-24,化妆品,华北,NC012,0,0,80.97,6.88,82
2025-02-24,家具,华南,SC012,0,0,88.79,0.84,32
2025-02-25,游戏机,华中,CC012,0,0,76.47,2.37,117
2025-02-25,化妆品,西南,SW012,0,0,99.04,2.46,54
2025-02-26,家具,华东,EC001,0,0,93.07,3.52,66
2025-02-27,游戏机,华北,NC001,0,0,89.83,1.43,26
2025-02-28,化妆品,华南,SC001,0,0,80.27,8.23,81
2025-03-04,家具,华中,CC001,0,0,67.61,2.03,117
2025-03-05,游戏机,西南,SW001,0,0,79.33,1.87,114
2025-03-06,化妆品,华东,EC002,0,0,74.80,4.33,77
2025-03-06,家具,华北,NC002,0,0,84.48,4.68,117
2025-03-07,游戏机,华南,SC002,0,0,65.08,3.96,127
2025-03-08,化妆品,华中,CC002,0,0,86.30,0.56,47
2025-03-09,家具,西南,SW002,0,0,78.59,0.80,81
2025-03-15,游戏机,华东,EC003,0,0,93.01,2.77,52
2025-03-15,化妆品,华北,NC003,0,0,98.30,4.74,56
2025-03-15,家具,华南,SC003,0,0,95.36,1.35,54
2025-03-18,游戏机,华中,CC003,0,0,78.82,0.71,66
2025-03-19,化妆品,西南,SW003,0,0,70.50,2.69,72
2025-03-20,家具,华东,EC004,0,0,69.95,0.26,67
2025-03-21,游戏机,华北,NC004,0,0,78.00,1.72,36
2025-03-23,化妆品,华南,SC004,0,0,88.88,1.21,47
2025-03-24,家具,华中,CC004,0,0,82.90,4.28,136
2025-03-24,游戏机,西南,SW004,0,0,53.91,6.56,161
2025-03-26,化妆品,华东,EC005,0,0,77.86,1.60,56
2025-03-30,家具,华北,NC005,0,0,88.61,2.18,111
2025-03-30,游戏机,华南,SC005,0,0,84.56,2.70,69
2025-03-31,化妆品,华中,CC005,0,0,86.25,1.59,131
2025-04-02,家具,西南,SW005,0,0,85.55,2.61,123
2025-04-02,游戏机,华东,EC006,0,0,79.90,0.60,101
2025-04-02,化妆品,华北,NC006,0,0,90.58,1.91,35
2025-04-03,家具,华南,SC006,0,0,80.37,0.83,81
2025-04-03,游戏机,华中,CC006,0,0,94.71,4.45,57
2025-04-04,化妆品,西南,SW006,0,0,55.16,0.35,100
2025-04-06,家具,华东,EC007,0,0,82.26,1.25,79
2025-04-07,游戏机,华北,NC007,0,0,79.24,4.80,87
2025-04-08,化妆品,华南,SC007,0,0,76.47,1.90,108
2025-04-10,家具,华中,CC007,0,0,85.22,4.06,134
2025-04-10,游戏机,西南,SW007,0,0,75.87,2.73,109
2025-04-12,化妆品,华东,EC008,0,0,75.80,2.49,88
2025-04-12,家具,华北,NC008,0,0,77.40,0.99,108
2025-04-14,游戏机,华南,SC008,0,0,80.02,1.78,75
2025-04-18,化妆品,华中,CC008,0,0,61.53,3.55,90
2025-04-19,家具,西南,SW008,0,0,78.46,2.01,87
2025-04-21,游戏机,华东,EC009,0,0,76.28,1.79,77
2025-04-22,化妆品,华北,NC009,0,0,81.85,1.91,73
2025-04-22,家具,华南,SC009,0,0,82.51,2.40,82
2025-04-23,游戏机,华中,CC009,0,0,91.03,1.67,72
2025-04-23,化妆品,西南,SW009,0,0,75.88,4.00,142
2025-04-25,家具,华东,EC010,0,0,91.25,3.10,102
2025-04-25,游戏机,华北,NC010,0,0,55.28,2.36,96
2025-04-27,化妆品,华南,SC010,0,0,59.67,1.65,146
2025-05-01,家具,华中,CC010,0,0,90.97,3.78,70
2025-05-01,游戏机,西南,SW010,0,0,96.44,2.46,100
2025-05-06,化妆品,华东,EC011,0,0,98.75,1.99,111
2025-05-09,家具,华北,NC011,0,0,97.68,6.37,133
2025-05-09,游戏机,华南,SC011,0,0,62.51,1.59,80
2025-05-11,化妆品,华中,CC011,0,0,91.46,6.40,49
2025-05-14,家具,西南,SW011,0,0,87.85,4.32,68
2025-05-16,游戏机,华东,EC012,0,0,52.75,1.60,129
2025-05-16,化妆品,华北,NC012,0,0,89.08,1.97,59
2025-05-16,家具,华南,SC012,0,0,77.53,4.43,56
2025-05-17,游戏机,华中,CC012,0,0,83.15,1.21,127
2025-05-17,化妆品,西南,SW012,0,0,82.97,0.80,53
2025-05-18,家具,华东,EC001,0,0,96.77,9.51,85
2025-05-20,游戏机,华北,NC001,0,0,81.47,1.10,80
2025-05-20,化妆品,华南,SC001,0,0,54.57,0.49,90
2025-05-20,家具,华中,CC001,0,0,78.45,7.70,94
2025-05-24,游戏机,西南,SW001,0,0,78.74,3.18,59
2025-05-26,化妆品,华东,EC002,0,0,82.84,1.81,33
2025-05-28,家具,华北,NC002,0,0,86.26,2.29,132
2025-05-28,游戏机,华南,SC002,0,0,75.60,0.77,63
2025-05-29,化妆品,华中,CC002,0,0,88.05,4.02,108
2025-05-29,家具,西南,SW002,0,0,86.35,2.04,59
2025-05-31,游戏机,华东,EC003,0,0,77.40,6.02,91
2025-05-31,化妆品,华北,NC003,0,0,86.37,1.16,37
2025-06-01,家具,华南,SC003,0,0,69.80,4.82,98
2025-06-01,游戏机,华中,CC003,0,0,78.42,2.71,115
2025-06-02,化妆品,西南,SW003,0,0,83.74,4.50,133
2025-06-03,家具,华东,EC004,0,0,76.48,1.28,55
2025-06-03,游戏机,华北,NC004,0,0,68.95,1.59,121
2025-06-07,化妆品,华南,SC004,0,0,75.99,3.75,73
2025-06-09,家具,华中,CC004,0,0,82.97,3.17,87
2025-06-09,游戏机,西南,SW004,0,0,80.33,3.84,134
2025-06-09,化妆品,华东,EC005,0,0,82.91,4.29,71
2025-06-12,家具,华北,NC005,0,0,76.34,1.02,61
2025-06-13,游戏机,华南,SC005,0,0,66.92,0.67,74
2025-06-13,化妆品,华中,CC005,0,0,94.12,4.77,39
2025-06-14,家具,西南,SW005,0,0,95.15,1.89,98
2025-06-14,游戏机,华东,EC006,0,0,81.20,3.20,75
2025-06-15,化妆品,华北,NC006,0,0,82.79,1.74,129
2025-06-15,家具,华南,SC006,0,0,81.60,2.35,111
2025-06-17,游戏机,华中,CC006,0,0,80.78,2.61,84
2025-06-17,化妆品,西南,SW006,0,0,52.69,3.95,140
2025-06-20,家具,华东,EC007,0,0,85.77,3.89,88
2025-06-24,游戏机,华北,NC007,0,0,77.74,0.35,72
2025-06-25,化妆品,华南,SC007,0,0,72.51,3.90,139
2025-06-25,家具,华中,CC007,0,0,87.51,1.36,100
2025-06-26,游戏机,西南,SW007,0,0,86.26,4.34,73
2025-06-27,化妆品,华东,EC008,0,0,90.69,0.87,62
2025-06-28,家具,华北,NC008,0,0,65.95,7.11,103
2025-06-28,游戏机,华南,SC008,0,0,95.63,3.89,128
2025-07-04,化妆品,华中,CC008,0,0,77.86,4.77,89
2025-07-05,家具,西南,SW008,0,0,85.49,6.21,116
2025-07-08,游戏机,华东,EC009,0,0,79.08,2.32,137
2025-07-08,化妆品,华北,NC009,0,0,87.76,2.06,61
2025-07-08,家具,华南,SC009,0,0,78.25,6.36,49
2025-07-10,游戏机,华中,CC009,0,0,78.21,2.39,138
2025-07-10,化妆品,西南,SW009,0,0,59.85,2.85,146
2025-07-10,家具,华东,EC010,0,0,95.29,0.31,38
2025-07-14,游戏机,华北,NC010,0,0,54.60,0.36,95
2025-07-15,化妆品,华南,SC010,0,0,79.75,1.44,58
2025-07-16,家具,华中,CC010,0,0,79.92,0.70,51
2025-07-16,游戏机,西南,SW010,0,0,98.96,2.67,42
2025-07-17,化妆品,华东,EC011,0,0,55.74,3.14,95
2025-07-18,家具,华北,NC011,0,0,65.20,3.55,140
2025-07-18,游戏机,华南,SC011,0,0,65.66,6.30,98
2025-07-19,化妆品,华中,CC011,0,0,83.19,1.76,132
2025-07-20,家具,西南,SW011,0,0,85.04,1.99,104
2025-07-21,游戏机,华东,EC012,0,0,89.95,2.39,28
2025-07-23,化妆品,华北,NC012,0,0,82.11,1.87,57
2025-07-26,家具,华南,SC012,0,0,75.44,1.34,87
2025-07-26,游戏机,华中,CC012,0,0,94.56,0.84,110
2025-07-27,化妆品,西南,SW012,0,0,98.78,2.62,54
2025-07-29,家具,华东,EC001,0,0,75.87,0.81,67
2025-07-31,游戏机,华北,NC001,0,0,54.03,0.41,92
2025-08-01,化妆品,华南,SC001,0,0,91.76,5.34,40
2025-08-02,家具,华中,CC001,0,0,89.95,3.20,37
2025-08-04,游戏机,西南,SW001,0,0,81.29,4.68,47
2025-08-05,化妆品,华东,EC002,0,0,83.42,1.79,37
2025-08-08,家具,华北,NC002,0,0,66.83,0.80,114
2025-08-08,游戏机,华南,SC002,0,0,90.31,1.92,36
2025-08-09,化妆品,华中,CC002,0,0,84.17,4.88,87
2025-08-10,家具,西南,SW002,0,0,78.10,1.72,58
2025-08-11,游戏机,华东,EC003,0,0,94.74,2.74,49
2025-08-12,化妆品,华北,NC003,0,0,92.61,2.50,46
2025-08-14,家具,华南,SC003,0,0,64.61,2.22,149
2025-08-14,游戏机,华中,CC003,0,0,84.54,2.75,42
2025-08-16,化妆品,西南,SW003,0,0,92.86,0.92,119
2025-08-21,家具,华东,EC004,0,0,53.20,4.27,112
2025-08-21,游戏机,华北,NC004,0,0,83.46,3.70,61
2025-08-21,化妆品,华南,SC004,0,0,78.64,2.47,108
2025-08-21,家具,华中,CC004,0,0,52.77,3.19,96
2025-08-21,游戏机,西南,SW004,0,0,98.04,3.76,28
2025-08-23,化妆品,华东,EC005,0,0,76.84,2.51,131
2025-08-25,家具,华北,NC005,0,0,72.52,3.15,94
2025-08-25,游戏机,华南,SC005,0,0,74.08,7.14,84
2025-08-25,化妆品,华中,CC005,0,0,97.32,3.29,37
2025-08-26,家具,西南,SW005,0,0,90.72,7.06,83
2025-08-26,游戏机,华东,EC006,0,0,60.76,1.56,86
2025-08-26,化妆品,华北,NC006,0,0,82.15,1.91,73
2025-08-26,家具,华南,SC006,0,0,83.07,1.31,41
2025-08-27,游戏机,华中,CC006,0,0,94.19,0.54,43
2025-08-28,化妆品,西南,SW006,0,0,54.70,7.51,76
2025-08-29,家具,华东,EC007,0,0,78.44,3.54,135
2025-08-29,游戏机,华北,NC007,0,0,70.00,0.66,66
2025-08-30,化妆品,华南,SC007,0,0,81.73,4.34,80
2025-08-31,家具,华中,CC007,0,0,52.47,4.63,93
2025-08-31,游戏机,西南,SW007,0,0,78.71,3.64,83
2025-09-01,化妆品,华东,EC008,0,0,78.00,2.20,76
2025-09-02,家具,华北,NC008,0,0,95.57,6.03,63
2025-09-02,游戏机,华南,SC008,0,0,86.93,4.66,79
2025-09-04,化妆品,华中,CC008,0,0,91.11,0.71,53
2025-09-06,家具,西南,SW008,0,0,84.56,4.65,137
2025-09-06,游戏机,华东,EC009,0,0,82.96,3.20,117
2025-09-07,化妆品,华北,NC009,0,0,82.03,3.72,45
2025-09-08,家具,华南,SC009,0,0,79.59,2.20,83
2025-09-08,游戏机,华中,CC009,0,0,92.65,1.78,26
2025-09-09,化妆品,西南,SW009,0,0,82.03,0.57,67
2025-09-13,家具,华东,EC010,0,0,77.76,4.71,88
2025-09-13,游戏机,华北,NC010,0,0,78.38,8.44,84
2025-09-13,化妆品,华南,SC010,0,0,95.37,2.60,54
2025-09-14,家具,华中,CC010,0,0,84.34,4.83,80
2025-09-15,游戏机,西南,SW010,0,0,76.81,4.67,144
2025-09-15,化妆品,华东,EC011,0,0,89.83,2.55,129
2025-09-15,家具,华北,NC011,0,0,92.83,2.33,100
2025-09-16,游戏机,华南,SC011,0,0,80.71,3.81,78
2025-09-16,化妆品,华中,CC011,0,0,72.93,1.25,135
2025-09-18,家具,西南,SW011,0,0,84.76,3.56,59
2025-09-19,游戏机,华东,EC012,0,0,55.33,1.49,94
2025-09-19,化妆品,华北,NC012,0,0,76.86,3.08,142
2025-09-20,家具,华南,SC012,0,0,91.38,3.10,98
2025-09-22,游戏机,华中,CC012,0,0,64.25,1.67,94
2025-09-22,化妆品,西南,SW012,0,0,97.73,7.50,81
2025-09-22,家具,华东,EC001,0,0,79.76,5.58,47
2025-09-23,游戏机,华北,NC001,0,0,79.62,5.51,86
2025-09-23,化妆品,华南,SC001,0,0,84.73,0.56,48
2025-09-23,家具,华中,CC001,0,0,88.09,1.78,33
2025-09-26,游戏机,西南,SW001,0,0,92.83,1.61,72
2025-09-26,化妆品,华东,EC002,0,0,85.97,3.82,126
2025-09-26,家具,华北,NC002,0,0,91.90,4.75,46
2025-09-26,游戏机,华南,SC002,0,0,80.28,1.95,46
2025-09-27,化妆品,华中,CC002,0,0,85.99,1.66,74
2025-09-27,家具,西南,SW002,0,0,79.90,3.93,82
2025-09-27,游戏机,华东,EC003,0,0,81.96,0.29,68
2025-09-29,化妆品,华北,NC003,0,0,84.51,0.84,121
2025-09-30,家具,华南,SC003,0,0,78.62,2.21,89
2025-09-30,游戏机,华中,CC003,0,0,95.38,3.67,58
2025-10-02,化妆品,西南,SW003,0,0,65.20,6.59,111
2025-10-04,家具,华东,EC004,0,0,79.08,2.10,79
2025-10-04,游戏机,华北,NC004,0,0,92.30,2.28,28
2025-10-05,化妆品,华南,SC004,0,0,97.17,2.62,124
2025-10-06,家具,华中,CC004,0,0,78.61,3.96,90
2025-10-07,游戏机,西南,SW004,0,0,94.36,0.86,26
2025-10-08,化妆品,华东,EC005,0,0,69.47,0.61,109
2025-10-09,家具,华北,NC005,0,0,77.03,0.64,84
2025-10-10,游戏机,华南,SC005,0,0,84.88,4.66,79
2025-10-10,化妆品,华中,CC005,0,0,66.18,0.32,141
2025-10-10,家具,西南,SW005,0,0,78.76,4.61,75
2025-10-12,游戏机,华东,EC006,0,0,79.57,1.87,135
2025-10-12,化妆品,华北,NC006,0,0,91.98,1.94,29
2025-10-15,家具,华南,SC006,0,0,55.28,0.74,94
2025-10-16,游戏机,华中,CC006,0,0,72.32,0.26,113
2025-10-17,化妆品,西南,SW006,0,0,96.24,3.14,51
2025-10-24,家具,华东,EC007,0,0,55.00,3.37,136
2025-10-30,游戏机,华北,NC007,0,0,57.03,2.33,95
2025-11-02,化妆品,华南,SC007,0,0,75.99,0.75,117
2025-11-05,家具,华中,CC007,0,0,77.83,1.51,58
2025-11-07,游戏机,西南,SW007,0,0,76.15,0.28,130
2025-11-08,化妆品,华东,EC008,0,0,97.25,6.16,86
2025-11-09,家具,华北,NC008,0,0,85.67,0.37,99
2025-11-09,游戏机,华南,SC008,0,0,93.14,1.80,28
2025-11-11,化妆品,华中,CC008,0,0,62.42,2.02,122
2025-11-11,家具,西南,SW008,0,0,79.64,2.28,105
2025-11-11,游戏机,华东,EC009,0,0,80.80,2.03,73
2025-11-12,化妆品,华北,NC009,0,0,77.68,4.47,89
2025-11-14,家具,华南,SC009,0,0,89.51,0.60,104
2025-11-17,游戏机,华中,CC009,0,0,86.69,0.46,115
2025-11-18,化妆品,西南,SW009,0,0,79.28,3.11,84
2025-11-21,家具,华东,EC010,0,0,82.06,8.02,154
2025-11-21,游戏机,华北,NC010,0,0,63.28,2.78,91
2025-11-23,化妆品,华南,SC010,0,0,56.72,0.21,90
2025-11-23,家具,华中,CC010,0,0,75.30,0.39,67
2025-11-24,游戏机,西南,SW010,0,0,82.85,3.11,136
2025-11-28,化妆品,华东,EC011,0,0,77.50,1.64,61
2025-11-28,家具,华北,NC011,0,0,65.43,7.93,139
2025-11-29,游戏机,华南,SC011,0,0,79.44,6.41,75
2025-11-30,化妆品,华中,CC011,0,0,97.58,1.13,48
2025-12-01,家具,西南,SW011,0,0,86.32,0.28,124
2025-12-01,游戏机,华东,EC012,0,0,68.48,2.02,140
2025-12-03,化妆品,华北,NC012,0,0,81.78,4.52,72
2025-12-03,家具,华南,SC012,0,0,93.94,1.91,44
2025-12-04,游戏机,华中,CC012,0,0,56.98,4.40,133
2025-12-06,化妆品,西南,SW012,0,0,81.59,0.33,63
2025-12-07,家具,华东,EC001,0,0,81.22,7.11,71
2025-12-08,游戏机,华北,NC001,0,0,90.21,1.22,28
2025-12-09,化妆品,华南,SC001,0,0,80.51,0.46,68
2025-12-09,家具,华中,CC001,0,0,88.78,1.19,27
2025-12-10,游戏机,西南,SW001,0,0,80.64,4.17,76
2025-12-11,化妆品,华东,EC002,0,0,86.28,1.25,57
2025-12-12,家具,华北,NC002,0,0,77.56,7.62,155
2025-12-13,游戏机,华南,SC002,0,0,84.87,1.24,123
2025-12-14,化妆品,华中,CC002,0,0,79.23,7.12,100
2025-12-14,家具,西南,SW002,0,0,82.66,2.01,33
2025-12-15,游戏机,华东,EC003,0,0,72.19,0.71,133
2025-12-16,化妆品,华北,NC003,0,0,68.10,1.87,139
2025-12-19,家具,华南,SC003,0,0,71.18,2.19,89
2025-12-19,游戏机,华中,CC003,0,0,77.22,2.14,42
2025-12-21,化妆品,西南,SW003,0,0,96.89,1.98,92
2025-12-23,家具,华东,EC004,0,0,82.92,2.04,108
2025-12-23,游戏机,华北,NC004,0,0,92.21,3.45,30
2025-12-23,化妆品,华南,SC004,0,0,75.52,3.01,48
2025-12-27,家具,华中,CC004,0,0,72.85,0.60,127
2025-12-28,游戏机,西南,SW004,0,0,69.37,4.36,90
2025-12-29,化妆品,华东,EC005,0,0,65.61,1.50,84
2025-12-29,家具,华北,NC005,0,0,79.22,2.01,57
2025-12-29,游戏机,华南,SC005,0,0,91.56,4.47,65
2025-12-30,化妆品,华中,CC005,0,0,91.53,1.24,45
2026-01-03,家具,西南,SW005,0,0,94.01,2.77,48
2026-01-03,游戏机,华东,EC006,0,0,77.33,2.65,46
2026-01-03,化妆品,华北,NC006,0,0,93.25,0.21,31
2026-01-06,家具,华南,SC006,0,0,86.88,0.63,36
2026-01-07,游戏机,华中,CC006,0,0,96.59,1.82,92
2026-01-10,化妆品,西南,SW006,0,0,76.48,0.44,107
2026-01-12,家具,华东,EC007,0,0,73.30,2.55,93
2026-01-15,游戏机,华北,NC007,0,0,64.05,4.45,89
2026-01-16,化妆品,华南,SC007,0,0,76.87,3.39,118
2026-01-16,家具,华中,CC007,0,0,80.66,2.44,77
2026-01-17,游戏机,西南,SW007,0,0,78.21,2.29,106
2026-01-18,化妆品,华东,EC008,0,0,69.98,3.68,90
2026-01-18,家具,华北,NC008,0,0,92.72,1.58,64
2026-01-23,游戏机,华南,SC008,0,0,76.75,0.69,54
2026-01-24,化妆品,华中,CC008,0,0,82.75,5.30,85
2026-01-26,家具,西南,SW008,0,0,92.62,1.77,114
2026-01-26,游戏机,华东,EC009,0,0,76.06,4.37,135
2026-01-28,化妆品,华北,NC009,0,0,84.94,2.34,62
2026-01-29,家具,华南,SC009,0,0,75.73,3.93,117
2026-01-30,游戏机,华中,CC009,0,0,90.12,1.50,95
2026-02-01,化妆品,西南,SW009,0,0,76.34,0.85,76
2026-02-02,家具,华东,EC010,0,0,79.01,1.88,77
2026-02-02,游戏机,华北,NC010,0,0,77.20,2.16,41
2026-02-03,化妆品,华南,SC010,0,0,61.26,0.62,136
2026-02-03,家具,华中,CC010,0,0,75.10,4.11,76
2026-02-03,游戏机,西南,SW010,0,0,61.89,1.32,77
2026-02-03,化妆品,华东,EC011,0,0,75.86,4.56,46
2026-02-04,家具,华北,NC011,0,0,77.77,1.23,46
2026-02-05,游戏机,华南,SC011,0,0,79.61,2.74,112
2026-02-07,化妆品,华中,CC011,0,0,87.98,2.12,71
2026-02-09,家具,西南,SW011,0,0,83.12,0.95,42
2026-02-09,游戏机,华东,EC012,0,0,87.20,2.29,36
2026-02-13,化妆品,华北,NC012,0,0,77.11,7.54,86
2026-02-14,家具,华南,SC012,0,0,81.57,3.66,82
2026-02-15,游戏机,华中,CC012,0,0,92.94,3.76,100
2026-02-15,化妆品,西南,SW012,0,0,87.11,1.76,36
2026-02-17,家具,华东,EC001,0,0,77.28,3.32,75
2026-02-18,游戏机,华北,NC001,0,0,54.73,0.31,71
2026-02-18,化妆品,华南,SC001,0,0,97.35,2.20,31
2026-02-18,家具,华中,CC001,0,0,72.68,3.58,55
2026-02-20,游戏机,西南,SW001,0,0,92.70,3.54,121
2026-02-20,化妆品,华东,EC002,0,0,69.23,8.24,143
2026-02-21,家具,华北,NC002,0,0,91.07,2.48,102
2026-02-24,游戏机,华南,SC002,0,0,80.61,1.23,37
2026-02-24,化妆品,华中,CC002,0,0,99.11,2.62,32
2026-02-25,家具,西南,SW002,0,0,79.56,3.63,49
2026-03-04,游戏机,华东,EC003,0,0,55.36,3.44,91
2026-03-04,化妆品,华北,NC003,0,0,55.73,2.28,90
2026-03-04,家具,华南,SC003,0,0,66.43,2.32,85
2026-03-05,游戏机,华中,CC003,0,0,67.95,1.64,83
2026-03-05,化妆品,西南,SW003,0,0,72.56,3.87,117
2026-03-07,家具,华东,EC004,0,0,75.31,1.68,69
2026-03-08,游戏机,华北,NC004,0,0,84.63,7.42,98
2026-03-09,化妆品,华南,SC004,0,0,69.80,6.36,98
2026-03-10,家具,华中,CC004,0,0,89.33,4.61,105
2026-03-11,游戏机,西南,SW004,0,0,71.13,1.48,130
2026-03-11,化妆品,华东,EC005,0,0,80.51,0.38,122
2026-03-11,家具,华北,NC005,0,0,91.66,1.53,44
2026-03-11,游戏机,华南,SC005,0,0,85.69,4.04,44
2026-03-11,化妆品,华中,CC005,0,0,86.35,7.77,50
2026-03-12,家具,西南,SW005,0,0,75.40,2.13,41
2026-03-13,游戏机,华东,EC006,0,0,92.86,2.87,125
2026-03-13,化妆品,华北,NC006,0,0,82.28,4.01,41
2026-03-16,家具,华南,SC006,0,0,53.64,4.35,140
2026-03-20,游戏机,华中,CC006,0,0,95.60,2.19,54
2026-03-20,化妆品,西南,SW006,0,0,93.03,1.49,52
2026-03-21,家具,华东,EC007,0,0,84.48,0.89,60
2026-03-21,游戏机,华北,NC007,0,0,82.55,1.53,61
2026-03-22,化妆品,华南,SC007,0,0,98.98,3.24,49
2026-03-23,家具,华中,CC007,0,0,80.02,6.78,79
2026-03-24,游戏机,西南,SW007,0,0,74.73,0.45,78
2026-03-25,化妆品,华东,EC008,0,0,77.54,7.51,95
2026-03-25,家具,华北,NC008,0,0,58.54,1.67,94
2026-03-26,游戏机,华南,SC008,0,0,82.02,1.28,54
2026-03-28,化妆品,华中,CC008,0,0,90.88,4.32,74
2026-03-29,家具,西南,SW008,0,0,58.40,1.06,124
