日期,商品类目,预测销量,实际销量,预测准确率,缺货率,库存周转天数
2023-01-05,家居百货,54798,63706,84.01%,3.93%,132
2023-01-05,食品,14379,17988,76.46%,3.91%,43
2023-01-08,服装鞋靴,51840,39213,71.71%,3.36%,124
2023-01-09,家居百货,73871,38871,56.15%,4.69%,151
2023-01-13,家居百货,11251,14018,77.98%,1.16%,124
2023-01-13,食品,33860,26838,80.66%,5.37%,51
2023-01-14,家居百货,20709,27876,62.11%,1.18%,145
2023-01-14,食品,25080,20628,79.73%,2.24%,39
2023-01-14,食品,8377,10485,75.02%,4.39%,47
2023-01-15,家居百货,31877,25206,80.19%,1.18%,123
2023-01-18,化妆品,10757,15125,60.72%,1.73%,91
2023-01-19,家居百货,43430,52040,82.07%,0.92%,120
2023-01-19,服装鞋靴,49287,34315,66.88%,2.75%,126
2023-01-21,家居百货,8991,6072,65.73%,8.76%,166
2023-01-22,母婴,78602,77492,98.69%,0.63%,52
2023-01-23,母婴,16701,15069,91.26%,1.39%,53
2023-01-25,服装鞋靴,76264,86852,84.88%,3.4%,107
2023-01-26,化妆品,73599,99536,66.81%,5.57%,108
2023-01-26,数码3C,58812,56444,96.06%,1.23%,40
2023-01-26,母婴,35308,41557,80.22%,1.77%,76
2023-01-28,食品,12552,11984,95.78%,4.18%,28
2023-01-29,数码3C,4379,3484,80.31%,2.07%,58
2023-02-02,家居百货,75304,62185,83.67%,4.8%,133
2023-02-02,母婴,19110,13468,71.75%,1.89%,81
2023-02-02,食品,35413,30393,86.8%,2.3%,36
2023-02-02,食品,5585,4885,86.43%,1.39%,34
2023-02-03,化妆品,34961,40408,83.29%,3.82%,84
2023-02-03,数码3C,59436,45577,78.44%,3.63%,60
2023-02-05,数码3C,73909,61097,84.57%,2.49%,62
2023-02-05,服装鞋靴,13704,14498,94.81%,2.26%,97
2023-02-08,化妆品,77103,107055,64.23%,2.13%,99
2023-02-08,数码3C,75397,83975,87.12%,1.01%,46
2023-02-08,数码3C,10816,8867,80.86%,0.43%,57
2023-02-08,服装鞋靴,74832,78944,94.09%,4.72%,108
2023-02-08,母婴,47416,33414,71.83%,4.78%,82
2023-02-10,数码3C,17746,21220,82.08%,2.85%,68
2023-02-13,数码3C,33353,29728,87.52%,0.86%,57
2023-02-14,服装鞋靴,19778,17222,85.04%,0.37%,108
2023-02-16,母婴,16560,13318,77.52%,1.01%,72
2023-02-17,化妆品,77434,48559,63.62%,1.03%,92
2023-02-19,家居百货,11827,9140,77.57%,0.69%,132
2023-02-20,食品,74672,59615,78.32%,3.21%,51
2023-02-22,服装鞋靴,14784,14169,95.93%,2.18%,105
2023-02-23,家居百货,43923,48186,88.84%,1.18%,119
2023-02-23,数码3C,65423,79448,75.29%,7.12%,83
2023-02-23,数码3C,13324,13880,96.07%,2.5%,49
2023-02-25,数码3C,8918,10007,86.8%,0.94%,48
2023-02-27,母婴,46397,33002,73.78%,4.84%,85
2023-02-27,母婴,49618,38808,76.48%,2.77%,80
2023-02-27,食品,8029,7396,92.69%,1.69%,31
2023-03-01,服装鞋靴,21118,26390,75.71%,0.74%,113
2023-03-03,化妆品,5043,4623,92.18%,3.86%,76
2023-03-05,食品,44395,39052,88.9%,2.29%,34
2023-03-06,化妆品,39652,30721,78.77%,2.5%,85
2023-03-07,数码3C,73311,82729,85.94%,2.59%,60
2023-03-08,食品,46489,46942,98.87%,2.75%,21
2023-03-11,化妆品,55974,44195,79.88%,2.1%,85
2023-03-12,家居百货,56022,68883,80.02%,3.91%,141
2023-03-13,化妆品,30994,19984,63.64%,5.1%,100
2023-03-13,家居百货,47004,38740,80.16%,3.33%,141
2023-03-14,家居百货,53489,37500,68.42%,2.14%,137
2023-03-16,服装鞋靴,60673,90197,56.28%,1.73%,123
2023-03-16,食品,69463,77171,87.88%,1.22%,27
2023-03-17,数码3C,6296,6076,96.19%,3.99%,60
2023-03-17,数码3C,49664,47407,95.0%,3.75%,59
2023-03-17,食品,22896,26028,86.94%,2.5%,43
2023-03-18,服装鞋靴,44174,25043,57.88%,0.49%,128
2023-03-18,服装鞋靴,42636,50875,79.22%,4.12%,124
2023-03-20,家居百货,28351,32067,87.79%,4.61%,128
2023-03-21,化妆品,17955,21905,80.65%,4.45%,85
2023-03-21,家居百货,40132,29415,76.17%,0.2%,134
2023-03-23,服装鞋靴,4991,3913,81.03%,4.09%,122
2023-03-27,化妆品,45159,36205,78.94%,4.73%,87
2023-03-27,化妆品,31926,33282,96.24%,1.18%,64
2023-03-27,家居百货,27093,21313,78.8%,2.43%,126
2023-03-28,母婴,22505,29878,63.98%,4.64%,87
2023-03-31,化妆品,62100,89509,61.45%,1.69%,101
2023-03-31,食品,11243,9803,85.44%,2.46%,40
2023-03-31,食品,13982,11881,86.19%,2.34%,37
2023-04-01,家居百货,33770,46247,67.58%,0.23%,132
2023-04-02,食品,61345,56091,90.31%,2.76%,41
2023-04-04,化妆品,26293,31492,81.19%,2.62%,75
2023-04-04,母婴,19232,27579,58.08%,2.6%,90
2023-04-04,母婴,41718,59741,60.22%,0.43%,85
2023-04-09,母婴,12516,13595,91.31%,2.08%,64
2023-04-11,家居百货,72525,60039,83.32%,1.92%,129
2023-04-11,母婴,16387,19434,83.19%,1.69%,61
2023-04-15,化妆品,6394,7549,83.29%,3.57%,86
2023-04-15,服装鞋靴,51764,41354,78.06%,0.37%,106
2023-04-16,家居百货,33061,28046,84.38%,0.63%,119
2023-04-16,数码3C,75610,82485,90.16%,3.35%,49
2023-04-16,数码3C,4781,4233,87.04%,5.49%,60
2023-04-17,食品,64936,61092,94.03%,0.44%,21
2023-04-21,母婴,7667,9216,81.46%,0.72%,66
2023-04-22,食品,41467,35863,86.6%,8.95%,62
2023-04-23,化妆品,62085,63003,98.42%,1.59%,64
2023-04-26,食品,65815,73148,89.11%,4.55%,37
2023-04-27,母婴,46181,29883,68.09%,0.63%,75
2023-04-30,化妆品,43728,37105,84.78%,4.78%,92
2023-05-03,化妆品,44299,35073,76.54%,2.85%,90
2023-05-03,母婴,41753,40001,95.67%,2.76%,60
2023-05-04,数码3C,23888,25165,94.89%,1.25%,43
2023-05-04,食品,76900,83291,91.19%,4.47%,34
2023-05-08,数码3C,3064,3760,74.25%,0.28%,59
2023-05-10,家居百货,66513,76001,84.67%,3.64%,133
2023-05-10,食品,67324,34431,54.22%,1.58%,64
2023-05-11,化妆品,50403,46800,93.45%,2.41%,78
2023-05-12,服装鞋靴,42374,48145,85.48%,4.23%,119
2023-05-13,母婴,60208,70229,84.09%,4.84%,75
2023-05-15,食品,9173,7417,79.57%,5.44%,48
2023-05-19,化妆品,21326,30367,53.63%,2.73%,105
2023-05-19,化妆品,7656,9543,75.4%,4.0%,89
2023-05-19,服装鞋靴,41797,35890,84.3%,2.81%,107
2023-05-20,数码3C,8477,10164,78.53%,0.89%,64
2023-05-21,服装鞋靴,13004,9558,71.9%,4.26%,119
2023-05-22,服装鞋靴,62210,67711,90.81%,3.85%,113
2023-05-23,数码3C,55322,60186,92.23%,2.82%,49
2023-05-23,服装鞋靴,3984,5641,60.45%,1.61%,127
2023-05-26,数码3C,37160,30261,78.38%,5.2%,70
2023-05-26,数码3C,34835,27414,79.0%,6.54%,73
2023-05-29,家居百货,64826,65944,98.45%,4.09%,125
2023-05-30,母婴,32348,38616,82.49%,0.23%,58
2023-05-30,食品,10199,11051,91.56%,2.41%,27
2023-06-01,服装鞋靴,26034,32993,74.71%,1.02%,119
2023-06-04,化妆品,65573,89299,66.52%,0.4%,83
2023-06-05,数码3C,41635,22996,58.77%,5.39%,82
2023-06-06,食品,27146,33448,78.75%,0.23%,32
2023-06-07,母婴,50355,64465,71.66%,2.34%,84
2023-06-09,家居百货,72449,59175,80.02%,0.32%,124
2023-06-09,家居百货,20163,20392,98.81%,3.93%,121
2023-06-09,数码3C,57631,68035,80.73%,2.81%,58
2023-06-11,数码3C,21727,14078,62.55%,3.15%,85
2023-06-13,服装鞋靴,45967,69457,53.4%,3.11%,137
2023-06-16,数码3C,74675,73260,98.23%,0.73%,38
2023-06-16,服装鞋靴,15892,21678,66.14%,1.57%,120
2023-06-16,母婴,71728,86528,80.38%,2.39%,76
2023-06-19,母婴,79622,62915,79.3%,0.42%,69
2023-06-20,家居百货,34309,24521,67.94%,1.95%,134
2023-06-22,家居百货,57486,71735,75.39%,1.18%,138
2023-06-22,家居百货,8774,7511,84.17%,2.39%,123
2023-06-23,化妆品,43847,33117,76.78%,2.03%,80
2023-06-23,数码3C,28292,22770,81.43%,4.4%,69
2023-06-26,服装鞋靴,71628,84941,82.04%,2.41%,113
2023-06-27,数码3C,38782,54414,57.61%,1.08%,75
2023-06-28,数码3C,43084,48377,85.66%,4.21%,59
2023-06-28,服装鞋靴,65515,33070,54.7%,1.15%,131
2023-07-01,母婴,28852,24102,82.29%,0.38%,60
2023-07-02,化妆品,29518,24781,82.76%,2.25%,82
2023-07-03,服装鞋靴,24191,31867,66.95%,0.42%,116
2023-07-03,母婴,58680,45719,80.35%,2.58%,67
2023-07-04,服装鞋靴,13823,9397,68.65%,0.53%,117
2023-07-04,服装鞋靴,36426,47263,66.11%,2.83%,127
2023-07-06,母婴,71182,86111,76.85%,1.39%,68
2023-07-09,服装鞋靴,62357,68693,88.41%,3.31%,112
2023-07-11,母婴,54167,42830,75.82%,2.16%,78
2023-07-11,食品,15958,19730,76.8%,3.4%,54
2023-07-11,食品,25010,31608,75.85%,2.76%,49
2023-07-13,化妆品,23404,18357,76.56%,3.27%,86
2023-07-17,化妆品,40898,54323,63.95%,3.98%,96
2023-07-18,数码3C,65148,77640,81.03%,6.51%,74
2023-07-18,母婴,69372,74131,92.84%,4.41%,69
2023-07-23,母婴,55214,47740,85.97%,3.29%,71
2023-07-24,母婴,4203,4836,82.77%,2.7%,73
2023-07-25,化妆品,25029,31714,76.01%,2.0%,85
2023-07-25,服装鞋靴,4181,4096,97.93%,3.29%,100
2023-07-25,服装鞋靴,5228,5839,89.25%,1.21%,96
2023-07-25,食品,30092,36008,80.06%,0.34%,37
2023-07-27,数码3C,56684,63992,87.7%,0.46%,48
2023-07-27,数码3C,4999,5935,81.75%,0.23%,57
2023-07-27,服装鞋靴,61384,42233,65.29%,2.48%,121
2023-07-28,家居百货,51504,43693,86.5%,0.99%,121
2023-07-28,食品,63133,55206,85.88%,3.71%,43
2023-07-29,化妆品,67932,80648,81.62%,3.61%,87
2023-07-30,化妆品,13682,16222,83.25%,3.51%,77
2023-07-30,服装鞋靴,3013,2376,80.57%,7.55%,132
2023-08-05,服装鞋靴,74533,114070,52.67%,3.42%,133
2023-08-06,服装鞋靴,11984,8855,75.06%,1.29%,115
2023-08-08,母婴,49571,59633,77.72%,0.91%,69
2023-08-10,数码3C,61720,47341,78.67%,4.85%,75
2023-08-10,母婴,59409,53100,90.48%,1.22%,60
2023-08-12,服装鞋靴,6339,7312,84.44%,5.24%,116
2023-08-16,家居百货,31766,40212,74.08%,1.07%,139
2023-08-17,化妆品,13744,7611,57.63%,5.61%,108
2023-08-17,家居百货,14637,15565,93.4%,2.31%,117
2023-08-17,数码3C,76443,83912,91.44%,3.96%,52
2023-08-19,服装鞋靴,10833,12226,86.56%,0.52%,107
2023-08-20,数码3C,44512,26885,57.74%,0.91%,68
2023-08-20,食品,15886,19430,78.24%,0.86%,45
2023-08-21,服装鞋靴,4902,5134,95.28%,1.51%,94
2023-08-21,食品,45562,41085,90.3%,2.48%,36
2023-08-22,化妆品,51467,40285,75.74%,4.81%,87
2023-08-22,数码3C,55243,61357,89.02%,0.8%,56
2023-08-25,服装鞋靴,27024,28628,93.53%,2.86%,101
2023-08-26,化妆品,3744,2662,72.47%,1.23%,83
2023-08-26,化妆品,26205,23845,90.66%,3.95%,73
2023-08-28,数码3C,5435,6475,78.14%,3.71%,72
2023-08-28,数码3C,70119,80047,86.82%,6.13%,73
2023-08-28,服装鞋靴,37521,43477,81.46%,0.72%,103
2023-08-30,化妆品,43336,52882,79.29%,3.24%,84
2023-08-30,母婴,79921,100365,70.38%,2.38%,75
2023-08-31,母婴,58459,60600,96.52%,1.8%,59
2023-09-01,母婴,76091,73391,96.12%,1.11%,56
2023-09-01,食品,64207,89642,61.06%,0.59%,53
2023-09-02,数码3C,68086,54658,80.75%,1.44%,61
2023-09-02,食品,78272,74780,94.87%,6.35%,43
2023-09-04,食品,74506,85161,83.49%,1.06%,36
2023-09-05,家居百货,35985,48523,59.98%,0.23%,140
2023-09-05,食品,48299,43241,89.8%,2.11%,27
2023-09-06,数码3C,18319,15096,84.62%,1.08%,54
2023-09-07,服装鞋靴,11167,12740,84.28%,2.44%,111
2023-09-07,母婴,42828,33252,79.95%,0.95%,66
2023-09-09,服装鞋靴,44029,51935,81.78%,2.02%,112
2023-09-10,服装鞋靴,41823,48626,80.89%,4.05%,115
2023-09-10,食品,48339,49430,97.43%,1.74%,23
2023-09-11,化妆品,37552,27792,73.64%,9.85%,116
2023-09-11,母婴,50640,37348,76.92%,2.23%,74
2023-09-13,母婴,34882,39888,84.98%,1.61%,69
2023-09-16,家居百货,33184,35672,93.19%,1.07%,111
2023-09-18,数码3C,33790,38959,82.8%,8.17%,72
2023-09-19,化妆品,64301,52767,83.98%,0.95%,69
2023-09-19,化妆品,26213,34839,62.16%,4.11%,98
2023-09-19,母婴,43278,55932,71.35%,2.68%,80
2023-09-20,母婴,50702,39198,76.0%,1.86%,71
2023-09-22,化妆品,15860,13011,80.88%,2.19%,82
2023-09-22,服装鞋靴,46021,55126,77.3%,3.08%,109
2023-09-22,服装鞋靴,67017,56716,83.67%,2.72%,106
2023-09-23,家居百货,36034,43235,79.29%,0.74%,126
2023-09-24,家居百货,53901,47898,87.48%,2.33%,127
2023-09-24,家居百货,27593,32833,82.92%,0.67%,125
2023-09-25,数码3C,68009,77346,84.18%,2.1%,52
2023-09-25,服装鞋靴,34668,20990,54.6%,3.02%,139
2023-09-26,数码3C,42474,49446,83.31%,0.92%,56
2023-09-28,化妆品,73019,79096,92.42%,3.42%,80
2023-09-28,服装鞋靴,31136,19402,65.07%,8.08%,134
2023-10-01,服装鞋靴,78865,43197,58.78%,2.81%,125
2023-10-01,食品,60628,64011,94.94%,1.05%,29
2023-10-04,服装鞋靴,14176,10749,74.43%,2.76%,112
2023-10-05,家居百货,17842,8543,52.67%,1.43%,157
2023-10-06,服装鞋靴,69622,75445,91.54%,4.76%,103
2023-10-07,数码3C,38524,30566,79.64%,2.77%,58
2023-10-07,服装鞋靴,55111,45386,81.84%,2.66%,114
2023-10-08,母婴,6035,6351,93.91%,0.55%,61
2023-10-09,服装鞋靴,14151,10739,77.91%,1.96%,110
2023-10-09,母婴,29696,31820,92.05%,2.31%,59
2023-10-09,食品,61869,51725,85.46%,5.89%,50
2023-10-10,母婴,3657,4580,72.98%,2.89%,85
2023-10-11,食品,12746,13402,94.82%,6.39%,43
2023-10-13,数码3C,45465,46782,96.86%,3.11%,45
2023-10-14,化妆品,77170,94925,78.84%,1.98%,78
2023-10-14,母婴,11102,8955,82.37%,0.46%,67
2023-10-14,母婴,39204,45186,84.48%,0.24%,56
2023-10-15,化妆品,30987,42042,63.23%,10.51%,114
2023-10-15,服装鞋靴,70335,64506,91.57%,4.05%,101
2023-10-16,母婴,42755,43310,98.68%,0.99%,54
2023-10-18,化妆品,35889,19609,52.55%,2.7%,107
2023-10-19,服装鞋靴,75501,48007,57.93%,1.81%,124
2023-10-20,家居百货,12719,9877,79.38%,1.23%,130
2023-10-20,数码3C,44501,46702,95.58%,0.79%,51
2023-10-21,服装鞋靴,35702,28868,81.95%,3.14%,117
2023-10-21,母婴,24186,18947,79.13%,1.54%,76
2023-10-21,食品,22660,19770,88.61%,0.98%,31
2023-10-22,数码3C,21523,22745,93.73%,3.99%,54
2023-10-22,食品,43448,43810,99.04%,8.02%,38
2023-10-23,数码3C,64216,75805,84.13%,2.56%,54
2023-10-23,服装鞋靴,77519,51243,64.93%,1.09%,114
2023-10-23,母婴,26044,18964,73.35%,4.29%,83
2023-10-28,母婴,33028,35266,92.54%,3.6%,66
2023-10-30,食品,16359,14353,88.63%,3.34%,41
2023-10-31,家居百货,34823,44260,74.2%,0.85%,131
2023-10-31,数码3C,50634,49869,98.58%,2.83%,53
2023-10-31,服装鞋靴,76312,67651,87.9%,7.17%,115
2023-11-01,数码3C,24565,22919,93.94%,8.54%,65
2023-11-01,食品,24087,21558,90.7%,1.86%,26
2023-11-04,家居百货,65018,83636,72.68%,4.37%,146
2023-11-04,数码3C,73589,78271,94.42%,3.74%,56
2023-11-05,数码3C,25748,17341,63.1%,5.57%,82
2023-11-05,服装鞋靴,7093,8451,80.07%,1.23%,114
2023-11-09,家居百货,76816,65742,83.07%,0.8%,128
2023-11-11,化妆品,57793,63649,90.94%,2.17%,78
2023-11-11,数码3C,73358,87642,82.98%,1.25%,56
2023-11-11,母婴,37183,29091,78.71%,1.27%,71
2023-11-11,食品,27380,23501,85.58%,0.75%,35
2023-11-12,数码3C,7536,9744,67.6%,3.57%,70
2023-11-12,母婴,37578,45752,78.77%,2.69%,79
2023-11-14,化妆品,6915,7633,89.58%,3.74%,82
2023-11-14,服装鞋靴,9465,11185,81.47%,6.91%,119
2023-11-17,家居百货,75615,87762,82.93%,0.33%,116
2023-11-18,食品,3206,3677,86.07%,0.29%,28
2023-11-19,家居百货,37119,42234,86.16%,0.94%,126
2023-11-20,化妆品,21868,18968,87.01%,3.37%,75
2023-11-20,家居百货,30128,41693,62.18%,8.38%,163
2023-11-20,服装鞋靴,39628,32715,83.8%,0.97%,98
2023-11-20,服装鞋靴,35940,29894,84.91%,2.56%,114
2023-11-23,化妆品,55198,68060,78.37%,1.67%,78
2023-11-24,数码3C,17617,12084,68.58%,1.55%,66
2023-11-25,化妆品,55991,64446,84.09%,2.05%,83
2023-11-26,数码3C,7776,9443,76.46%,1.17%,60
2023-11-29,母婴,17337,21564,77.57%,2.24%,69
2023-11-30,化妆品,67031,61899,92.15%,5.79%,77
2023-11-30,家居百货,20044,10950,56.93%,1.31%,140
2023-11-30,食品,38243,34956,91.88%,0.29%,21
2023-12-03,服装鞋靴,60616,74961,77.13%,0.79%,115
2023-12-03,食品,39613,35527,90.95%,2.66%,35
2023-12-04,服装鞋靴,74341,80920,90.54%,4.39%,113
2023-12-07,家居百货,76333,60545,78.48%,1.02%,126
2023-12-12,家居百货,53722,80061,55.54%,2.43%,145
2023-12-14,母婴,51736,55224,92.32%,5.94%,70
2023-12-14,母婴,3022,2714,88.4%,1.28%,64
2023-12-20,数码3C,24548,21941,87.66%,0.86%,48
2023-12-21,家居百货,17406,19371,89.1%,4.81%,131
2023-12-22,化妆品,32967,39562,78.16%,3.6%,89
2023-12-23,数码3C,18091,13593,77.46%,5.08%,74
2023-12-24,家居百货,58224,46715,80.96%,3.66%,128
2023-12-25,母婴,68493,83979,75.11%,3.97%,83
2023-12-26,服装鞋靴,49328,42267,85.8%,2.68%,104
2023-12-26,母婴,69120,56306,83.41%,2.18%,70
2023-12-29,数码3C,24061,17920,75.05%,2.32%,69
2023-12-30,服装鞋靴,56511,83125,58.7%,3.62%,129
2023-12-30,服装鞋靴,5759,6925,78.6%,4.56%,123
2023-12-31,家居百货,57697,68652,81.36%,2.75%,135
2023-12-31,服装鞋靴,18451,18632,98.91%,0.59%,95
2024-01-03,数码3C,29116,31188,92.0%,1.63%,45
2024-01-04,化妆品,12474,10305,83.0%,3.26%,78
2024-01-04,家居百货,20599,19101,93.18%,4.06%,131
2024-01-05,母婴,33564,33982,98.63%,1.06%,60
2024-01-06,化妆品,3272,3995,74.08%,1.6%,88
2024-01-06,家居百货,9498,5578,59.88%,4.59%,158
2024-01-08,家居百货,58762,73565,77.64%,0.39%,126
2024-01-10,服装鞋靴,41671,55699,70.36%,2.14%,125
2024-01-10,食品,34477,33638,97.81%,0.99%,22
2024-01-11,母婴,69280,96883,59.59%,1.48%,83
2024-01-14,化妆品,38955,21839,57.82%,6.73%,111
2024-01-14,数码3C,3105,2566,82.03%,4.01%,62
2024-01-15,化妆品,50755,62315,78.64%,4.07%,86
2024-01-15,服装鞋靴,67275,83007,76.07%,1.3%,115
2024-01-21,服装鞋靴,37768,40059,93.09%,1.69%,93
2024-01-24,食品,51150,45180,88.53%,2.21%,38
2024-01-25,数码3C,43033,39396,91.19%,1.99%,49
2024-01-26,化妆品,39497,32377,79.63%,9.46%,102
2024-01-26,食品,8765,10063,84.25%,2.25%,38
2024-01-28,数码3C,3333,3171,95.71%,8.41%,67
2024-01-28,服装鞋靴,60606,47306,78.79%,1.68%,104
2024-01-29,数码3C,12391,10389,83.27%,5.99%,77
2024-01-29,食品,25775,14294,55.56%,2.19%,61
2024-01-30,数码3C,15889,13327,84.47%,1.9%,53
2024-01-30,母婴,66179,54276,81.57%,2.88%,71
2024-02-01,家居百货,30365,32883,92.23%,0.86%,121
2024-02-01,母婴,60952,70208,86.34%,4.3%,70
2024-02-03,母婴,6380,5372,82.65%,0.79%,61
2024-02-04,服装鞋靴,41112,55689,63.62%,3.93%,124
2024-02-04,母婴,13079,7450,61.05%,3.87%,87
2024-02-06,食品,19600,18994,97.1%,1.32%,31
2024-02-06,食品,39420,33148,82.38%,2.89%,46
2024-02-08,服装鞋靴,40690,42984,94.52%,1.78%,96
2024-02-09,食品,26338,28260,93.6%,2.53%,31
2024-02-12,数码3C,33564,30587,91.59%,1.52%,49
2024-02-12,服装鞋靴,54282,41328,75.94%,3.59%,116
2024-02-12,食品,39585,35085,88.48%,4.09%,43
2024-02-13,家居百货,52370,58464,88.55%,2.48%,130
2024-02-15,食品,62504,58170,92.56%,0.51%,32
2024-02-17,母婴,26698,31631,82.89%,1.1%,64
2024-02-18,服装鞋靴,52940,47073,89.6%,0.51%,98
2024-02-18,食品,10036,11036,88.39%,2.42%,38
2024-02-20,食品,78893,80426,98.16%,4.69%,33
2024-02-21,数码3C,69534,61004,85.65%,1.78%,58
2024-02-21,食品,63215,63941,98.99%,0.31%,25
2024-02-22,数码3C,58313,72891,78.12%,1.2%,60
2024-02-22,服装鞋靴,39313,31428,81.11%,1.71%,116
2024-02-23,食品,67004,62943,93.42%,2.16%,28
2024-02-24,食品,11743,17090,57.49%,4.66%,69
2024-02-25,家居百货,30068,18312,56.25%,3.53%,155
2024-02-28,食品,39464,33795,84.76%,1.52%,38
2024-02-28,食品,50631,44348,88.55%,0.41%,35
2024-02-29,母婴,29857,41237,59.29%,1.67%,92
2024-03-02,数码3C,14489,16429,86.6%,2.69%,51
2024-03-05,服装鞋靴,8325,10854,71.11%,1.02%,111
2024-03-05,母婴,21256,20618,96.64%,3.41%,56
2024-03-08,服装鞋靴,69773,57569,82.59%,1.04%,106
2024-03-09,家居百货,57897,79269,67.86%,1.38%,139
2024-03-09,服装鞋靴,17144,12862,77.19%,1.05%,112
2024-03-09,食品,79097,85571,91.01%,3.28%,37
2024-03-10,母婴,6894,7867,84.7%,1.72%,60
2024-03-11,家居百货,15429,9404,58.47%,0.53%,138
2024-03-12,母婴,19820,24693,78.6%,4.86%,73
2024-03-14,数码3C,47161,41887,89.22%,7.87%,72
2024-03-17,数码3C,16888,13536,76.89%,5.94%,74
2024-03-19,服装鞋靴,40088,31148,79.71%,2.35%,116
2024-03-20,家居百货,12238,10125,82.07%,4.23%,140
2024-03-21,母婴,40155,44734,89.61%,4.09%,75
2024-03-23,家居百货,58085,50148,84.12%,2.16%,132
2024-03-23,服装鞋靴,60853,63026,96.79%,0.91%,99
2024-03-23,食品,63627,75850,80.95%,2.68%,36
2024-03-25,化妆品,38923,32440,81.93%,4.81%,85
2024-03-28,食品,38033,51753,62.99%,1.47%,53
2024-03-30,食品,66289,84780,75.22%,1.74%,45
2024-04-03,化妆品,52250,65265,77.92%,2.36%,85
2024-04-05,化妆品,67075,85133,76.17%,2.13%,83
2024-04-05,母婴,62754,80705,73.22%,2.4%,83
2024-04-06,数码3C,55377,60750,88.8%,1.42%,52
2024-04-10,家居百货,43238,47435,90.5%,1.01%,118
2024-04-11,食品,62600,65187,95.56%,1.94%,24
2024-04-13,数码3C,26535,33601,75.87%,0.41%,55
2024-04-18,化妆品,41941,59341,52.21%,4.78%,117
2024-04-19,家居百货,38301,32004,83.95%,1.92%,126
2024-04-20,家居百货,29114,29655,97.91%,2.12%,123
2024-04-21,食品,23522,22082,94.33%,7.3%,52
2024-04-22,食品,11576,12925,89.13%,7.98%,46
2024-04-24,化妆品,63942,86808,63.91%,0.42%,95
2024-04-26,化妆品,37503,43777,83.0%,1.59%,79
2024-04-27,食品,10367,11225,92.53%,7.03%,45
2024-04-28,服装鞋靴,5133,5786,87.13%,1.38%,105
2024-04-28,服装鞋靴,19486,22065,86.52%,1.79%,105
2024-04-29,母婴,45054,53152,79.1%,1.5%,68
2024-05-03,服装鞋靴,52542,61607,82.92%,3.85%,121
2024-05-10,母婴,43036,36007,82.7%,0.22%,57
2024-05-11,服装鞋靴,79829,66771,84.71%,2.35%,103
2024-05-11,母婴,56512,45900,83.55%,0.24%,58
2024-05-12,母婴,51714,65807,75.14%,1.85%,79
2024-05-13,数码3C,45617,55120,78.69%,3.63%,69
2024-05-15,化妆品,50146,28715,54.67%,4.43%,103
2024-05-15,食品,9540,8420,89.43%,0.66%,29
2024-05-17,食品,63615,49941,80.29%,1.31%,38
2024-05-18,家居百货,6022,6939,84.83%,0.33%,119
2024-05-20,家居百货,40803,48862,80.69%,3.55%,140
2024-05-21,母婴,40313,38824,96.04%,0.97%,51
2024-05-21,母婴,57397,30959,56.56%,0.69%,92
2024-05-21,食品,21367,25585,81.21%,0.79%,39
2024-05-23,化妆品,48901,37867,79.16%,2.66%,80
2024-05-23,数码3C,9601,11184,81.47%,2.07%,62
2024-05-24,数码3C,69978,73835,94.74%,1.92%,55
2024-05-24,服装鞋靴,32635,31130,94.6%,7.02%,113
2024-05-24,食品,29754,33976,85.02%,8.54%,53
2024-05-26,化妆品,42866,37946,87.64%,1.46%,80
2024-05-26,食品,51201,46546,89.41%,0.26%,32
2024-05-30,母婴,15852,9422,53.84%,6.89%,100
2024-06-03,数码3C,31154,38579,79.23%,0.75%,58
2024-06-05,化妆品,4773,4136,85.42%,2.64%,71
2024-06-12,化妆品,19969,16242,82.88%,1.22%,76
2024-06-12,家居百货,35622,29678,82.09%,1.22%,133
2024-06-12,食品,77631,69643,90.76%,4.56%,46
2024-06-13,食品,35551,27200,78.04%,3.49%,47
2024-06-16,食品,65784,56378,85.0%,0.22%,37
2024-06-18,数码3C,69178,51613,76.75%,0.51%,55
2024-06-20,食品,30827,28447,92.02%,0.26%,20
2024-06-23,食品,60656,65600,90.66%,6.91%,45
2024-06-24,家居百货,27296,32032,83.92%,2.5%,131
2024-06-24,数码3C,32225,26015,82.91%,0.52%,51
2024-06-25,家居百货,24483,27951,84.56%,6.19%,136
2024-06-25,数码3C,34933,29859,82.94%,5.13%,61
2024-06-26,数码3C,9184,11319,78.97%,3.72%,64
2024-06-27,化妆品,59097,64215,91.17%,5.78%,88
2024-07-03,母婴,17080,17648,96.57%,2.46%,61
2024-07-04,家居百货,54395,51926,95.68%,3.79%,127
2024-07-05,家居百货,39228,41107,95.74%,1.78%,119
2024-07-05,食品,20926,17754,82.26%,1.33%,41
2024-07-06,母婴,64174,40549,64.47%,2.72%,85
2024-07-07,家居百货,40229,55963,64.37%,1.07%,137
2024-07-08,数码3C,17828,15286,86.71%,7.76%,68
2024-07-09,化妆品,24588,17418,67.74%,5.19%,96
2024-07-09,家居百货,27485,31043,85.68%,4.29%,137
2024-07-10,数码3C,23699,18537,80.31%,0.98%,59
2024-07-13,食品,3759,4736,77.26%,2.77%,49
2024-07-14,食品,17225,21477,76.07%,1.81%,39
2024-07-16,服装鞋靴,49310,53201,91.43%,0.25%,100
2024-07-17,服装鞋靴,38342,27554,71.58%,4.57%,124
2024-07-18,化妆品,71560,58406,83.78%,6.43%,89
2024-07-20,化妆品,39798,33298,80.85%,2.78%,84
2024-07-21,母婴,22225,22884,97.3%,4.28%,63
2024-07-23,化妆品,35541,49667,55.67%,7.09%,110
2024-07-23,服装鞋靴,69977,63319,89.36%,4.42%,107
2024-07-25,食品,10739,12143,85.26%,3.32%,43
2024-07-29,服装鞋靴,48243,46279,96.26%,6.95%,118
2024-07-31,服装鞋靴,50556,46390,91.09%,4.64%,116
2024-08-01,化妆品,49893,69947,63.44%,7.21%,108
2024-08-02,母婴,20973,31535,53.64%,1.99%,98
2024-08-03,服装鞋靴,28659,33919,79.8%,5.02%,125
2024-08-03,食品,3160,3283,95.5%,1.5%,24
2024-08-04,服装鞋靴,67565,53790,76.31%,2.67%,121
2024-08-04,服装鞋靴,39652,33472,82.91%,1.61%,106
2024-08-06,化妆品,72708,39353,58.27%,2.67%,104
2024-08-06,母婴,70438,68334,97.03%,2.22%,55
2024-08-06,母婴,12286,16701,67.04%,4.75%,95
2024-08-07,母婴,12443,7940,63.29%,3.85%,84
2024-08-10,数码3C,41442,51879,77.71%,4.35%,63
2024-08-10,食品,53412,56959,93.24%,3.97%,40
2024-08-11,服装鞋靴,43455,54161,78.16%,1.54%,114
2024-08-12,化妆品,26494,30346,83.03%,1.7%,73
2024-08-12,服装鞋靴,5222,3176,63.14%,0.24%,117
2024-08-15,母婴,74880,108371,52.01%,2.04%,100
2024-08-17,食品,71160,64354,91.58%,0.78%,30
2024-08-20,母婴,58625,37597,68.05%,2.26%,76
2024-08-22,数码3C,42609,36730,84.51%,3.78%,56
2024-08-25,服装鞋靴,42474,52069,79.95%,0.73%,112
2024-08-26,食品,57054,66493,85.03%,4.08%,38
2024-08-27,食品,46873,41375,88.27%,4.3%,37
2024-08-28,数码3C,59728,37700,61.3%,4.3%,84
2024-08-29,数码3C,16452,13981,86.42%,2.03%,54
2024-09-03,母婴,31791,24389,76.99%,4.01%,72
2024-09-06,服装鞋靴,34902,42821,78.13%,2.26%,108
2024-09-06,服装鞋靴,73157,59905,83.59%,0.98%,100
2024-09-07,化妆品,9042,5502,65.25%,2.59%,93
2024-09-08,数码3C,36470,41303,85.9%,3.69%,67
2024-09-08,服装鞋靴,23788,19522,81.62%,3.97%,117
2024-09-10,家居百货,38685,30520,80.59%,1.01%,129
2024-09-10,服装鞋靴,34269,35326,96.46%,1.39%,95
2024-09-10,母婴,75862,96429,76.4%,0.83%,70
2024-09-11,化妆品,6504,3524,54.91%,3.33%,110
2024-09-11,家居百货,43728,58268,70.56%,2.57%,136
2024-09-11,食品,31814,27502,87.49%,6.78%,42
2024-09-14,家居百货,16223,16787,96.21%,0.98%,119
2024-09-14,母婴,51456,29366,57.99%,3.55%,96
2024-09-15,化妆品,12911,6736,54.73%,0.85%,104
2024-09-15,服装鞋靴,79252,66262,84.14%,2.49%,114
2024-09-15,母婴,67366,82189,75.4%,4.84%,81
2024-09-16,数码3C,4414,4601,95.57%,2.89%,57
2024-09-19,服装鞋靴,56111,67563,79.26%,4.73%,121
2024-09-21,化妆品,35325,34905,98.96%,1.03%,57
2024-09-24,家居百货,3622,2952,78.68%,2.45%,138
2024-09-25,母婴,65543,39276,60.34%,1.39%,78
2024-09-27,母婴,39232,33156,82.66%,3.49%,71
2024-10-02,家居百货,18637,19546,95.56%,7.82%,138
2024-10-03,服装鞋靴,56627,68534,78.93%,2.66%,118
2024-10-04,母婴,26124,34751,68.55%,2.08%,81
2024-10-05,化妆品,41177,49835,80.19%,3.17%,81
2024-10-05,化妆品,58193,55181,94.77%,4.72%,78
2024-10-10,化妆品,14356,15433,91.51%,7.5%,88
2024-10-11,数码3C,78110,84085,91.37%,2.71%,57
2024-10-11,母婴,42836,38834,91.61%,4.22%,63
2024-10-12,家居百货,8249,7252,87.61%,0.45%,116
2024-10-12,食品,70770,84747,82.65%,2.21%,44
2024-10-13,家居百货,75124,70153,93.03%,1.14%,115
2024-10-13,母婴,49857,60270,78.35%,0.83%,70
2024-10-14,数码3C,16098,22791,53.71%,2.74%,90
2024-10-14,食品,67880,72131,93.75%,1.52%,29
2024-10-15,食品,22089,19948,88.8%,8.46%,52
2024-10-16,家居百货,32493,28055,87.14%,1.3%,123
2024-10-16,母婴,44747,56791,75.65%,4.76%,84
2024-10-16,母婴,32883,48399,53.54%,3.99%,103
2024-10-20,食品,49702,54661,88.98%,6.45%,44
2024-10-21,化妆品,77659,90968,83.73%,1.56%,80
2024-10-21,家居百货,49892,32048,61.63%,8.88%,165
2024-10-22,家居百货,74943,90853,81.24%,0.78%,124
2024-10-24,数码3C,62837,71309,86.05%,6.03%,72
2024-10-25,化妆品,66882,91534,63.99%,3.78%,97
2024-10-25,服装鞋靴,70661,71839,98.19%,1.73%,89
2024-10-29,食品,10550,13098,78.26%,0.8%,38
2024-10-30,数码3C,75653,66074,88.32%,0.62%,45
2024-10-31,家居百货,54869,69566,76.53%,4.09%,134
2024-10-31,母婴,63561,78308,77.01%,8.32%,88
2024-11-01,数码3C,17005,18760,90.89%,3.43%,62
2024-11-01,服装鞋靴,48566,39781,83.91%,3.79%,106
2024-11-04,食品,61558,65325,94.14%,0.26%,29
2024-11-05,服装鞋靴,69182,66957,96.58%,2.08%,97
2024-11-05,服装鞋靴,13670,10194,77.07%,2.1%,113
2024-11-07,化妆品,33939,33170,97.36%,1.68%,72
2024-11-09,化妆品,16725,18294,90.92%,4.17%,82
2024-11-09,化妆品,39905,44206,87.83%,1.59%,76
2024-11-09,家居百货,71898,54977,74.39%,7.77%,153
2024-11-09,家居百货,26071,31143,78.35%,2.33%,126
2024-11-09,数码3C,68543,74966,89.18%,1.77%,54
2024-11-09,数码3C,72810,66982,92.66%,3.42%,60
2024-11-10,化妆品,15935,17411,91.55%,0.38%,69
2024-11-15,数码3C,76827,69851,91.72%,0.84%,42
2024-11-17,数码3C,43372,40548,94.11%,0.72%,40
2024-11-17,食品,66891,59012,89.07%,1.86%,39
2024-11-18,化妆品,34966,39580,87.01%,2.71%,71
2024-11-18,服装鞋靴,63585,75644,81.55%,4.6%,116
2024-11-19,服装鞋靴,31298,37415,79.32%,0.68%,103
2024-11-20,家居百货,15493,13898,90.35%,1.18%,123
2024-11-20,数码3C,39595,38227,96.38%,2.42%,49
2024-11-22,服装鞋靴,29390,36458,74.89%,2.76%,123
2024-11-23,家居百货,57246,75052,72.54%,2.6%,133
2024-11-24,母婴,61494,70258,86.98%,1.49%,60
2024-11-26,食品,42307,36923,87.39%,2.3%,33
2024-11-26,食品,36571,44703,78.63%,5.3%,56
2024-12-02,服装鞋靴,78971,58472,72.53%,4.48%,124
2024-12-03,母婴,74604,71875,96.36%,1.09%,54
2024-12-04,化妆品,13177,8541,61.71%,2.4%,91
2024-12-04,家居百货,5433,6369,84.52%,1.42%,130
2024-12-04,食品,63795,51409,81.03%,0.82%,35
2024-12-05,家居百货,7007,7369,94.72%,0.22%,113
2024-12-06,家居百货,16032,18903,82.69%,6.77%,138
2024-12-08,母婴,26217,20111,76.97%,2.14%,79
2024-12-09,服装鞋靴,73732,68799,94.12%,3.61%,110
2024-12-11,服装鞋靴,25446,21400,81.44%,4.59%,117
2024-12-12,数码3C,38016,38529,98.68%,1.3%,38
2024-12-12,服装鞋靴,32088,24728,75.21%,2.11%,115
2024-12-15,母婴,51136,58940,82.64%,1.16%,64
2024-12-16,化妆品,31795,39477,78.96%,0.37%,82
2024-12-21,数码3C,76414,89143,83.53%,4.52%,71
2024-12-22,服装鞋靴,27846,24527,87.55%,1.97%,103
2024-12-22,食品,50197,42601,82.8%,0.24%,29
2024-12-25,化妆品,5400,7728,58.45%,4.13%,103
2024-12-25,服装鞋靴,23989,28114,81.51%,1.97%,108
2024-12-25,母婴,70029,56787,78.59%,0.56%,66
2024-12-27,数码3C,56991,58439,97.5%,0.72%,39
2024-12-27,数码3C,60952,66122,91.05%,2.32%,59
2024-12-31,数码3C,27214,37819,63.5%,7.81%,85
2025-01-01,食品,51991,56427,90.13%,1.93%,26
2025-01-03,服装鞋靴,56671,54614,95.91%,0.72%,88
2025-01-03,食品,25863,25241,97.75%,3.72%,28
2025-01-04,数码3C,56300,49362,86.81%,1.46%,52
2025-01-05,数码3C,41290,37812,92.28%,4.45%,56
2025-01-06,服装鞋靴,35547,43326,79.7%,4.51%,112
2025-01-07,化妆品,31311,37863,80.66%,9.08%,96
2025-01-07,化妆品,53004,51379,97.32%,2.15%,73
2025-01-07,服装鞋靴,54595,54203,99.16%,0.59%,96
2025-01-07,服装鞋靴,50881,66254,71.42%,1.5%,111
2025-01-10,家居百货,53917,62570,85.99%,4.65%,132
2025-01-10,家居百货,63989,63286,98.99%,1.7%,113
2025-01-12,化妆品,14066,11026,78.51%,1.56%,78
2025-01-13,化妆品,63912,50880,78.84%,2.3%,88
2025-01-15,化妆品,50673,55444,90.19%,4.37%,80
2025-01-15,数码3C,50495,55475,88.57%,4.76%,57
2025-01-21,家居百货,31773,40083,73.89%,2.56%,140
2025-01-22,家居百货,7662,9967,66.82%,2.49%,142
2025-01-22,数码3C,60993,58436,95.98%,3.13%,52
2025-01-23,数码3C,49647,48980,98.73%,3.46%,51
2025-01-23,母婴,38549,49144,74.63%,1.33%,68
2025-01-23,食品,47422,40502,84.53%,0.71%,31
2025-01-24,家居百货,73055,79844,89.64%,1.65%,121
2025-01-25,化妆品,63022,85624,63.6%,1.62%,92
2025-01-25,家居百货,69837,90487,73.48%,0.33%,128
2025-01-25,食品,58313,48100,84.63%,0.27%,29
2025-01-27,服装鞋靴,30054,37461,77.84%,2.17%,112
2025-01-29,化妆品,74662,88375,82.24%,2.15%,81
2025-01-29,母婴,65897,83200,74.98%,0.35%,68
2025-01-30,化妆品,50705,71894,62.84%,0.46%,94
2025-01-30,数码3C,40416,25613,58.97%,0.33%,78
2025-01-31,食品,32571,25939,77.1%,3.23%,48
2025-02-02,食品,46242,55544,80.86%,2.56%,48
2025-02-03,母婴,48924,53454,90.52%,1.65%,67
2025-02-05,家居百货,28801,37890,65.79%,5.77%,155
2025-02-05,数码3C,21830,18240,84.76%,2.51%,55
2025-02-05,数码3C,9470,11723,76.34%,0.31%,59
2025-02-05,服装鞋靴,33388,40107,79.15%,2.87%,108
2025-02-06,服装鞋靴,18737,16518,87.15%,4.88%,113
2025-02-06,母婴,35631,19105,59.28%,4.78%,93
2025-02-06,食品,17012,13153,76.98%,3.35%,41
2025-02-07,服装鞋靴,48591,30003,56.56%,4.62%,139
2025-02-08,食品,3517,3416,96.73%,0.51%,20
2025-02-09,服装鞋靴,26996,33846,76.57%,0.43%,102
2025-02-11,家居百货,29153,36091,77.43%,4.64%,140
2025-02-12,家居百货,65241,51942,80.72%,1.54%,133
2025-02-12,服装鞋靴,70340,69376,98.69%,0.68%,92
2025-02-14,家居百货,58857,74155,75.53%,1.84%,136
2025-02-15,数码3C,61614,67572,89.64%,6.69%,72
2025-02-15,数码3C,9971,9344,94.37%,7.54%,59
2025-02-15,母婴,75080,108755,54.55%,1.21%,84
2025-02-15,食品,24225,22125,89.92%,4.17%,45
2025-02-17,化妆品,21976,14055,58.79%,2.15%,100
2025-02-17,食品,47087,37441,77.42%,1.33%,39
2025-02-18,食品,35665,38727,90.27%,1.83%,37
2025-02-19,家居百货,14489,17222,79.16%,0.85%,124
2025-02-20,服装鞋靴,20949,20056,95.68%,1.36%,98
2025-02-20,服装鞋靴,73958,51005,69.45%,1.23%,114
2025-02-24,母婴,8625,7204,80.97%,6.88%,82
2025-02-24,食品,28381,25427,88.79%,0.84%,32
2025-02-25,服装鞋靴,55946,41682,76.47%,2.37%,117
2025-02-25,母婴,58760,59248,99.04%,2.46%,54
2025-02-26,母婴,33303,31175,93.07%,3.52%,66
2025-02-27,食品,65677,72878,89.83%,1.43%,26
2025-02-28,数码3C,10924,13219,80.27%,8.23%,81
2025-03-04,服装鞋靴,7032,9013,67.61%,2.03%,117
2025-03-05,服装鞋靴,4300,3401,79.33%,1.87%,114
2025-03-06,数码3C,16375,12133,74.8%,4.33%,77
2025-03-06,服装鞋靴,56629,65648,84.48%,4.68%,117
2025-03-07,服装鞋靴,40772,54906,65.08%,3.96%,127
2025-03-08,数码3C,75607,85529,86.3%,0.56%,47
2025-03-09,化妆品,9534,11719,78.59%,0.8%,81
2025-03-15,数码3C,48601,45018,93.01%,2.77%,52
2025-03-15,数码3C,61263,62213,98.3%,4.74%,56
2025-03-15,母婴,43095,41144,95.36%,1.35%,54
2025-03-18,母婴,32380,25187,78.82%,0.71%,66
2025-03-19,数码3C,25364,33868,70.5%,2.69%,72
2025-03-20,数码3C,75285,97324,69.95%,0.26%,67
2025-03-21,食品,27345,22214,78.0%,1.72%,36
2025-03-23,数码3C,79429,87541,88.88%,1.21%,47
2025-03-24,家居百货,4071,3384,82.9%,4.28%,136
2025-03-24,家居百货,23208,13845,53.91%,6.56%,161
2025-03-26,数码3C,15819,19440,77.86%,1.6%,56
2025-03-30,服装鞋靴,35751,31635,88.61%,2.18%,111
2025-03-30,母婴,29105,24616,84.56%,2.7%,69
2025-03-31,家居百货,22434,18914,86.25%,1.59%,131
2025-04-02,家居百货,57946,66367,85.55%,2.61%,123
2025-04-02,服装鞋靴,73046,56605,79.9%,0.6%,101
2025-04-02,食品,5856,5237,90.58%,1.91%,35
2025-04-03,化妆品,14756,12024,80.37%,0.83%,81
2025-04-03,数码3C,45033,47655,94.71%,4.45%,57
2025-04-04,化妆品,60784,32683,55.16%,0.35%,100
2025-04-06,化妆品,13102,10715,82.26%,1.25%,79
2025-04-07,化妆品,41431,50693,79.24%,4.8%,87
2025-04-08,服装鞋靴,38006,29732,76.47%,1.9%,108
2025-04-10,家居百货,57178,48601,85.22%,4.06%,134
2025-04-10,服装鞋靴,54532,39471,75.87%,2.73%,109
2025-04-12,化妆品,63018,78136,75.8%,2.49%,88
2025-04-12,服装鞋靴,39659,48482,77.4%,0.99%,108
2025-04-14,母婴,62679,49828,80.02%,1.78%,75
2025-04-18,母婴,45797,29768,61.53%,3.55%,90
2025-04-19,化妆品,67647,51104,78.46%,2.01%,87
2025-04-21,化妆品,48610,36631,76.28%,1.79%,77
2025-04-22,化妆品,30066,35116,81.85%,1.91%,73
2025-04-22,化妆品,74396,60862,82.51%,2.4%,82
2025-04-23,化妆品,13014,11865,91.03%,1.67%,72
2025-04-23,家居百货,32492,39622,75.88%,4.0%,142
2025-04-25,服装鞋靴,52093,47428,91.25%,3.1%,102
2025-04-25,母婴,17167,24140,55.28%,2.36%,96
2025-04-27,家居百货,64764,39560,59.67%,1.65%,146
2025-05-01,化妆品,72672,65407,90.97%,3.78%,70
2025-05-01,服装鞋靴,77717,80673,96.44%,2.46%,100
2025-05-06,家居百货,57025,56395,98.75%,1.99%,111
2025-05-09,家居百货,17174,16824,97.68%,6.37%,133
2025-05-09,母婴,11536,15986,62.51%,1.59%,80
2025-05-11,食品,32343,29285,91.46%,6.4%,49
2025-05-14,数码3C,72954,64511,87.85%,4.32%,68
2025-05-16,服装鞋靴,29741,15868,52.75%,1.6%,129
2025-05-16,母婴,27058,24034,89.08%,1.97%,59
2025-05-16,食品,26270,32325,77.53%,4.43%,56
2025-05-17,家居百货,50964,59369,83.15%,1.21%,127
2025-05-17,数码3C,74912,62078,82.97%,0.8%,53
2025-05-18,化妆品,70655,73037,96.77%,9.51%,85
2025-05-20,化妆品,72947,61167,81.47%,1.1%,80
2025-05-20,母婴,4448,6624,54.57%,0.49%,90
2025-05-20,母婴,79555,61858,78.45%,7.7%,94
2025-05-24,数码3C,14753,17482,78.74%,3.18%,59
2025-05-26,食品,65641,54140,82.84%,1.81%,33
2025-05-28,家居百货,31329,27651,86.26%,2.29%,132
2025-05-28,数码3C,76928,55637,75.6%,0.77%,63
2025-05-29,服装鞋靴,24432,21444,88.05%,4.02%,108
2025-05-29,母婴,19433,17072,86.35%,2.04%,59
2025-05-31,母婴,45013,55996,77.4%,6.02%,91
2025-05-31,食品,14465,12422,86.37%,1.16%,37
2025-06-01,化妆品,32847,21448,69.8%,4.82%,98
2025-06-01,服装鞋靴,56448,43672,78.42%,2.71%,115
2025-06-02,家居百货,56718,65191,83.74%,4.5%,133
2025-06-03,数码3C,28884,35823,76.48%,1.28%,55
2025-06-03,服装鞋靴,48879,61947,68.95%,1.59%,121
2025-06-07,数码3C,7889,6048,75.99%,3.75%,73
2025-06-09,化妆品,32414,38698,82.97%,3.17%,87
2025-06-09,家居百货,72987,87514,80.33%,3.84%,134
2025-06-09,数码3C,7416,8631,82.91%,4.29%,71
2025-06-12,数码3C,59438,73344,76.34%,1.02%,61
2025-06-13,母婴,16413,21391,66.92%,0.67%,74
2025-06-13,食品,35020,37322,94.12%,4.77%,39
2025-06-14,服装鞋靴,52741,55084,95.15%,1.89%,98
2025-06-14,母婴,74235,58204,81.2%,3.2%,75
2025-06-15,家居百货,33865,39180,82.79%,1.74%,129
2025-06-15,服装鞋靴,39497,33022,81.6%,2.35%,111
2025-06-17,化妆品,9586,7513,80.78%,2.61%,84
2025-06-17,服装鞋靴,13699,7596,52.69%,3.95%,140
2025-06-20,化妆品,17101,19359,85.77%,3.89%,88
2025-06-24,母婴,7325,5787,77.74%,0.35%,72
2025-06-25,家居百货,35859,46891,72.51%,3.9%,139
2025-06-25,服装鞋靴,53774,61265,87.51%,1.36%,100
2025-06-26,母婴,15752,13540,86.26%,4.34%,73
2025-06-27,母婴,51378,56270,90.69%,0.87%,62
2025-06-28,化妆品,33938,22411,65.95%,7.11%,103
2025-06-28,家居百货,37567,36019,95.63%,3.89%,128
2025-07-04,化妆品,51641,38944,77.86%,4.77%,89
2025-07-05,服装鞋靴,24905,21272,85.49%,6.21%,116
2025-07-08,家居百货,5022,6089,79.08%,2.32%,137
2025-07-08,数码3C,9299,7993,87.76%,2.06%,61
2025-07-08,食品,64585,78157,78.25%,6.36%,49
2025-07-10,家居百货,39623,29803,78.21%,2.39%,138
2025-07-10,家居百货,73694,46670,59.85%,2.85%,146
2025-07-10,数码3C,17667,18468,95.29%,0.31%,38
2025-07-14,化妆品,62962,35294,54.6%,0.36%,95
2025-07-15,数码3C,58442,45677,79.75%,1.44%,58
2025-07-16,数码3C,27689,22880,79.92%,0.7%,51
2025-07-16,数码3C,29305,29651,98.96%,2.67%,42
2025-07-17,母婴,30355,44603,55.74%,3.14%,95
2025-07-18,家居百货,28526,39824,65.2%,3.55%,140
2025-07-18,母婴,3447,2207,65.66%,6.3%,98
2025-07-19,家居百货,32623,27656,83.19%,1.76%,132
2025-07-20,服装鞋靴,62608,52592,85.04%,1.99%,104
2025-07-21,食品,10516,11515,89.95%,2.39%,28
2025-07-23,数码3C,25903,21387,82.11%,1.87%,57
2025-07-26,化妆品,18359,14099,75.44%,1.34%,87
2025-07-26,家居百货,64647,60948,94.56%,0.84%,110
2025-07-27,数码3C,45053,45626,98.78%,2.62%,54
2025-07-29,母婴,7178,8940,75.87%,0.81%,67
2025-07-31,母婴,68025,37357,54.03%,0.41%,92
2025-08-01,食品,43878,47239,91.76%,5.34%,40
2025-08-02,食品,47250,42635,89.95%,3.2%,37
2025-08-04,食品,17351,20495,81.29%,4.68%,47
2025-08-05,食品,6484,7680,83.42%,1.79%,37
2025-08-08,服装鞋靴,63416,81343,66.83%,0.8%,114
2025-08-08,食品,56477,61906,90.31%,1.92%,36
2025-08-09,化妆品,12344,10213,84.17%,4.88%,87
2025-08-10,数码3C,9651,11452,78.1%,1.72%,58
2025-08-11,数码3C,74079,78197,94.74%,2.74%,49
2025-08-12,数码3C,77276,71647,92.61%,2.5%,46
2025-08-14,家居百货,13403,8530,64.61%,2.22%,149
2025-08-14,食品,40126,34400,84.54%,2.75%,42
2025-08-16,家居百货,75567,69877,92.86%,0.92%,119
2025-08-21,化妆品,76297,38981,53.2%,4.27%,112
2025-08-21,数码3C,36181,42573,83.46%,3.7%,61
2025-08-21,服装鞋靴,71698,85214,78.64%,2.47%,108
2025-08-21,母婴,43896,66554,52.77%,3.19%,96
2025-08-21,食品,29923,29385,98.04%,3.76%,28
2025-08-23,家居百货,35643,44394,76.84%,2.51%,131
2025-08-25,化妆品,35121,45950,72.52%,3.15%,94
2025-08-25,母婴,9012,11427,74.08%,7.14%,84
2025-08-25,食品,32388,33233,97.32%,3.29%,37
2025-08-26,化妆品,50604,54650,90.72%,7.06%,83
2025-08-26,母婴,79107,48108,60.76%,1.56%,86
2025-08-26,母婴,11779,9990,82.15%,1.91%,73
2025-08-26,食品,17661,14528,83.07%,1.31%,41
2025-08-27,数码3C,25030,23416,94.19%,0.54%,43
2025-08-28,食品,42688,62567,54.7%,7.51%,76
2025-08-29,家居百货,67499,83138,78.44%,3.54%,135
2025-08-29,数码3C,62764,42684,70.0%,0.66%,66
2025-08-30,化妆品,78452,94061,81.73%,4.34%,80
2025-08-31,数码3C,65938,95500,52.47%,4.63%,93
2025-08-31,母婴,9889,7783,78.71%,3.64%,83
2025-09-01,母婴,16088,12767,78.0%,2.2%,76
2025-09-02,母婴,23002,24039,95.57%,6.03%,63
2025-09-02,母婴,44159,49221,86.93%,4.66%,79
2025-09-04,数码3C,25555,23080,91.11%,0.71%,53
2025-09-06,家居百货,38394,44404,84.56%,4.65%,137
2025-09-06,服装鞋靴,11705,9422,82.96%,3.2%,117
2025-09-07,食品,33540,27418,82.03%,3.72%,45
2025-09-08,化妆品,65801,53624,79.59%,2.2%,83
2025-09-08,食品,74842,79744,92.65%,1.78%,26
2025-09-09,母婴,69060,54876,82.03%,0.57%,67
2025-09-13,化妆品,28035,33823,77.76%,4.71%,88
2025-09-13,数码3C,11868,9578,78.38%,8.44%,84
2025-09-13,母婴,43533,45527,95.37%,2.6%,54
2025-09-14,化妆品,30636,35290,84.34%,4.83%,80
2025-09-15,家居百货,32240,39966,76.81%,4.67%,144
2025-09-15,家居百货,40227,44656,89.83%,2.55%,129
2025-09-15,服装鞋靴,32536,29948,92.83%,2.33%,100
2025-09-16,化妆品,47260,55068,80.71%,3.81%,78
2025-09-16,家居百货,56269,39983,72.93%,1.25%,135
2025-09-18,数码3C,43397,50964,84.76%,3.56%,59
2025-09-19,化妆品,74447,104490,55.33%,1.49%,94
2025-09-19,家居百货,41550,51339,76.86%,3.08%,142
2025-09-20,服装鞋靴,21682,23589,91.38%,3.1%,98
2025-09-22,化妆品,12683,17824,64.25%,1.67%,94
2025-09-22,化妆品,27170,27854,97.73%,7.5%,81
2025-09-22,食品,24434,19421,79.76%,5.58%,47
2025-09-23,化妆品,45741,54157,79.62%,5.51%,86
2025-09-23,数码3C,30776,35904,84.73%,0.56%,48
2025-09-23,食品,7503,6542,88.09%,1.78%,33
2025-09-26,化妆品,3912,4195,92.83%,1.61%,72
2025-09-26,家居百货,51599,59918,85.97%,3.82%,126
2025-09-26,食品,32942,35789,91.9%,4.75%,46
2025-09-26,食品,35494,42605,80.28%,1.95%,46
2025-09-27,化妆品,77150,87005,85.99%,1.66%,74
2025-09-27,母婴,15953,18841,79.9%,3.93%,82
2025-09-27,母婴,53119,63379,81.96%,0.29%,68
2025-09-29,家居百货,5519,6301,84.51%,0.84%,121
2025-09-30,化妆品,71651,87922,78.62%,2.21%,89
2025-09-30,数码3C,20388,21405,95.38%,3.67%,58
2025-10-02,化妆品,39143,52113,65.2%,6.59%,111
2025-10-04,化妆品,27721,21299,79.08%,2.1%,79
2025-10-04,食品,14835,13551,92.3%,2.28%,28
2025-10-05,家居百货,76765,78853,97.17%,2.62%,124
2025-10-06,化妆品,39997,49497,78.61%,3.96%,90
2025-10-07,食品,37937,39806,94.36%,0.86%,26
2025-10-08,服装鞋靴,37565,50286,69.47%,0.61%,109
2025-10-09,化妆品,75846,92159,77.03%,0.64%,84
2025-10-10,化妆品,46185,53153,84.88%,4.66%,79
2025-10-10,家居百货,30162,39813,66.18%,0.32%,141
2025-10-10,数码3C,78547,93492,78.76%,4.61%,75
2025-10-12,家居百货,13432,10318,79.57%,1.87%,135
2025-10-12,食品,21548,23043,91.98%,1.94%,29
2025-10-15,化妆品,70025,38720,55.28%,0.74%,94
2025-10-16,服装鞋靴,20919,27541,72.32%,0.26%,113
2025-10-17,数码3C,28429,27502,96.24%,3.14%,51
2025-10-24,服装鞋靴,13385,7383,55.0%,3.37%,136
2025-10-30,化妆品,31000,45790,57.03%,2.33%,95
2025-11-02,服装鞋靴,52826,66723,75.99%,0.75%,117
2025-11-05,数码3C,25988,32380,77.83%,1.51%,58
2025-11-07,家居百货,7668,9525,76.15%,0.28%,130
2025-11-08,化妆品,21830,22405,97.25%,6.16%,86
2025-11-09,服装鞋靴,11442,9658,85.67%,0.37%,99
2025-11-09,食品,47092,50510,93.14%,1.8%,28
2025-11-11,服装鞋靴,42520,58805,62.42%,2.02%,122
2025-11-11,服装鞋靴,58463,69849,79.64%,2.28%,105
2025-11-11,母婴,47293,56030,80.8%,2.03%,73
2025-11-12,化妆品,44819,54948,77.68%,4.47%,89
2025-11-14,服装鞋靴,49590,43750,89.51%,0.6%,104
2025-11-17,家居百货,22481,19666,86.69%,0.46%,115
2025-11-18,化妆品,45858,37322,79.28%,3.11%,84
2025-11-21,家居百货,74350,88884,82.06%,8.02%,154
2025-11-21,母婴,36576,22983,63.28%,2.78%,91
2025-11-23,母婴,5814,8491,56.72%,0.21%,90
2025-11-23,母婴,14209,10470,75.3%,0.39%,67
2025-11-24,家居百货,26102,21761,82.85%,3.11%,136
2025-11-28,数码3C,51899,62263,77.5%,1.64%,61
2025-11-28,服装鞋靴,52007,71005,65.43%,7.93%,139
2025-11-29,数码3C,47434,57252,79.44%,6.41%,75
2025-11-30,数码3C,56960,58430,97.58%,1.13%,48
2025-12-01,家居百货,45487,52189,86.32%,0.28%,124
2025-12-01,家居百货,5444,7312,68.48%,2.02%,140
2025-12-03,数码3C,45748,38142,81.78%,4.52%,72
2025-12-03,数码3C,7975,8395,93.94%,1.91%,44
2025-12-04,服装鞋靴,39458,55308,56.98%,4.4%,133
2025-12-06,母婴,10915,12890,81.59%,0.33%,63
2025-12-07,数码3C,79407,65046,81.22%,7.11%,71
2025-12-08,食品,13265,14739,90.21%,1.22%,28
2025-12-09,母婴,50204,59723,80.51%,0.46%,68
2025-12-09,食品,36115,32533,88.78%,1.19%,27
2025-12-10,母婴,78297,93542,80.64%,4.17%,76
2025-12-11,数码3C,49186,55588,86.28%,1.25%,57
2025-12-12,家居百货,31209,25228,77.56%,7.62%,155
2025-12-13,家居百货,45669,53352,84.87%,1.24%,123
2025-12-14,化妆品,30860,36902,79.23%,7.12%,100
2025-12-14,食品,18070,14900,82.66%,2.01%,33
2025-12-15,家居百货,8034,5543,72.19%,0.71%,133
2025-12-16,家居百货,37356,24053,68.1%,1.87%,139
2025-12-19,化妆品,9001,6048,71.18%,2.19%,89
2025-12-19,食品,3267,2415,77.22%,2.14%,42
2025-12-21,服装鞋靴,44501,43011,96.89%,1.98%,92
2025-12-23,服装鞋靴,16088,13249,82.92%,2.04%,108
2025-12-23,食品,68553,63060,92.21%,3.45%,30
2025-12-23,食品,34824,42327,75.52%,3.01%,48
2025-12-27,家居百货,74966,54476,72.85%,0.6%,127
2025-12-28,化妆品,38858,28409,69.37%,4.36%,90
2025-12-29,化妆品,54050,34666,65.61%,1.5%,84
2025-12-29,数码3C,3983,3273,79.22%,2.01%,57
2025-12-29,母婴,23785,21666,91.56%,4.47%,65
2025-12-30,数码3C,62021,57277,91.53%,1.24%,45
2026-01-03,数码3C,67258,63458,94.01%,2.77%,48
2026-01-03,食品,8546,6615,77.33%,2.65%,46
2026-01-03,食品,35481,32940,93.25%,0.21%,31
2026-01-06,食品,29873,25507,86.88%,0.63%,36
2026-01-07,服装鞋靴,25855,24973,96.59%,1.82%,92
2026-01-10,服装鞋靴,33222,40177,76.48%,0.44%,107
2026-01-12,化妆品,68349,50612,73.3%,2.55%,93
2026-01-15,母婴,67608,40056,64.05%,4.45%,89
2026-01-16,服装鞋靴,30857,38262,76.87%,3.39%,118
2026-01-16,母婴,44858,54138,80.66%,2.44%,77
2026-01-17,服装鞋靴,17526,13624,78.21%,2.29%,106
2026-01-18,化妆品,30651,39421,69.98%,3.68%,90
2026-01-18,母婴,4633,4335,92.72%,1.58%,64
2026-01-23,数码3C,62993,79751,76.75%,0.69%,54
2026-01-24,母婴,77250,90371,82.75%,5.3%,85
2026-01-26,家居百货,15669,16692,92.62%,1.77%,114
2026-01-26,家居百货,72059,87449,76.06%,4.37%,135
2026-01-28,母婴,43852,50467,84.94%,2.34%,62
2026-01-29,服装鞋靴,54719,66398,75.73%,3.93%,117
2026-01-30,服装鞋靴,35925,39819,90.12%,1.5%,95
2026-02-01,化妆品,56485,69164,76.34%,0.85%,76
2026-02-02,化妆品,67747,81358,79.01%,1.88%,77
2026-02-02,食品,23697,28541,77.2%,2.16%,41
2026-02-03,家居百货,48607,64666,61.26%,0.62%,136
2026-02-03,母婴,8793,6573,75.1%,4.11%,76
2026-02-03,母婴,71383,97272,61.89%,1.32%,77
2026-02-03,食品,26815,33338,75.86%,4.56%,46
2026-02-04,食品,59141,70609,77.77%,1.23%,46
2026-02-05,服装鞋靴,63977,78375,79.61%,2.74%,112
2026-02-07,母婴,58007,65860,87.98%,2.12%,71
2026-02-09,食品,20940,17099,83.12%,0.95%,42
2026-02-09,食品,25766,29105,87.2%,2.29%,36
2026-02-13,数码3C,41871,52559,77.11%,7.54%,86
2026-02-14,化妆品,56397,46999,81.57%,3.66%,82
2026-02-15,服装鞋靴,40249,43156,92.94%,3.76%,100
2026-02-15,食品,53302,47162,87.11%,1.76%,36
2026-02-17,母婴,9851,11886,77.28%,3.32%,75
2026-02-18,数码3C,68628,41093,54.73%,0.31%,71
2026-02-18,食品,28638,27944,97.35%,2.2%,31
2026-02-18,食品,53391,39437,72.68%,3.58%,55
2026-02-20,家居百货,45301,48252,92.7%,3.54%,121
2026-02-20,服装鞋靴,74283,48925,69.23%,8.24%,143
2026-02-21,服装鞋靴,54828,49412,91.07%,2.48%,102
2026-02-24,食品,21294,25661,80.61%,1.23%,37
2026-02-24,食品,63436,62825,99.11%,2.62%,32
2026-02-25,食品,29245,22699,79.56%,3.63%,49
2026-03-04,母婴,59364,82210,55.36%,3.44%,91
2026-03-04,母婴,14134,8027,55.73%,2.28%,90
2026-03-04,母婴,44063,29935,66.43%,2.32%,85
2026-03-05,化妆品,60035,79247,67.95%,1.64%,83
2026-03-05,服装鞋靴,61693,46798,72.56%,3.87%,117
2026-03-07,母婴,78145,97345,75.31%,1.68%,69
2026-03-08,化妆品,21231,24837,84.63%,7.42%,98
2026-03-09,化妆品,7804,10365,69.8%,6.36%,98
2026-03-10,服装鞋靴,74849,65819,89.33%,4.61%,105
2026-03-11,家居百货,17939,23774,71.13%,1.48%,130
2026-03-11,家居百货,53807,44687,80.51%,0.38%,122
2026-03-11,数码3C,26415,28910,91.66%,1.53%,44
2026-03-11,食品,52560,60754,85.69%,4.04%,44
2026-03-11,食品,27975,31997,86.35%,7.77%,50
2026-03-12,食品,9312,11901,75.4%,2.13%,41
2026-03-13,家居百货,8661,9328,92.86%,2.87%,125
2026-03-13,食品,24123,19217,82.28%,4.01%,41
2026-03-16,服装鞋靴,15473,8701,53.64%,4.35%,140
2026-03-20,数码3C,74629,71346,95.6%,2.19%,54
2026-03-20,母婴,72829,77659,93.03%,1.49%,52
2026-03-21,母婴,63023,52585,84.48%,0.89%,60
2026-03-21,母婴,27469,31828,82.55%,1.53%,61
2026-03-22,数码3C,73532,74259,98.98%,3.24%,49
2026-03-23,数码3C,55732,65870,80.02%,6.78%,79
2026-03-24,化妆品,14365,18190,74.73%,0.45%,78
2026-03-25,化妆品,61971,48957,77.54%,7.51%,95
2026-03-25,化妆品,67806,92013,58.54%,1.67%,94
2026-03-26,数码3C,35884,30076,82.02%,1.28%,54
2026-03-28,母婴,37803,34455,90.88%,4.32%,74
2026-03-29,服装鞋靴,9964,6214,58.4%,1.06%,124
